{
  "bandwidth_stability_scores": {
    "1": 0.31274606397039634,
    "10": 0.47576975340961997,
    "11": 0.4933549237927222,
    "12": 0.5733446314752898,
    "2": 0.8771431409412805,
    "3": 0.4689123749941373,
    "4": 0.29555768455040715,
    "5": 0.4708798076197358,
    "6": 0.7283729712122704,
    "7": 0.3355301140512223,
    "8": 0.3455425088708543,
    "9": 0.7503513156908707
  },
  "continuity": 0.59275,
  "estimated_intrinsic_dim_clean": 2.045823891943826,
  "estimated_intrinsic_dim_noisy": 2.2030525919354833,
  "geodesic_consistency": -0.0145337480016313,
  "k_bandwidth_stability": 1,
  "k_eigengap": 11,
  "k_intrinsic_dim": 3,
  "k_oracle": 1,
  "known_noise_r": 0.16,
  "metadata": {
    "epsilon": 1.0,
    "epsilon_grid": [
      0.5,
      1.0,
      2.0,
      3.0
    ],
    "manifold": "swiss_roll",
    "method": "bandwidth_stability",
    "n_samples": 400,
    "seed": 22
  },
  "metrics_by_cutoff": {
    "bandwidth_stability": {
      "continuity": 0.59275,
      "geodesic_consistency": -0.0145337480016313,
      "trustworthiness": 0.9372080624187256
    },
    "eigengap": {
      "continuity": 0.5715,
      "geodesic_consistency": -0.008162813477110595,
      "trustworthiness": 0.9354668400520156
    },
    "oracle": {
      "continuity": 0.59275,
      "geodesic_consistency": -0.0145337480016313,
      "trustworthiness": 0.9372080624187256
    }
  },
  "oracle_subspace_distance_by_k": {
    "1": 0.8958380374627607,
    "10": 1.2294211273524893,
    "11": 1.107823345890823,
    "12": 1.0546720896214392,
    "2": 1.0016080821438462,
    "3": 0.9870676253338634,
    "4": 0.997377878478302,
    "5": 1.0014495091167865,
    "6": 1.24327415403594,
    "7": 1.350849100497328,
    "8": 1.0338325114108695,
    "9": 1.0421814737463428
  },
  "selected_k": 1,
  "trustworthiness": 0.9372080624187256
}