{
  "bandwidth_stability_k": 4,
  "eigengap_k": 2,
  "k_r_based": 5,
  "oracle_k": 1,
  "oracle_subspace_distance_by_k": {
    "1": 0.17482341063211732,
    "10": 2.1075711057906634,
    "11": 2.238092740687586,
    "12": 2.4417586098975703,
    "2": 0.2428047938925771,
    "3": 0.47812032063618576,
    "4": 0.54975934802626,
    "5": 0.9161999090541285,
    "6": 0.9050534051029644,
    "7": 1.3471463108357056,
    "8": 1.669092330867515,
    "9": 1.8965794903408313
  },
  "r_estimated_simple": 0.051730218889414176,
  "r_estimated_twoscale": 0.03201129557259106,
  "selected_k": 5,
  "selected_method": "r_based",
  "stability_threshold": 0.9
}