{
  "bandwidth_stability_k": 7,
  "eigengap_k": 4,
  "oracle_k": 2,
  "oracle_subspace_distance_by_k": {
    "1": 0.10052076736677694,
    "10": 1.0715991714709483,
    "11": 1.100644801962676,
    "12": 0.9055817306449742,
    "2": 0.07222856291827735,
    "3": 0.13243422776114677,
    "4": 0.1486458571588541,
    "5": 0.20077751763079305,
    "6": 0.24716036058736493,
    "7": 0.2990689315926785,
    "8": 0.3636869334801503,
    "9": 0.42833905200427586
  },
  "selected_k": 7,
  "selected_method": "bandwidth_stability",
  "stability_threshold": 0.9
}