{
  "bandwidth_stability_scores": {
    "1": 0.998012430832891,
    "10": 0.8486244470736508,
    "11": 0.6531911548303388,
    "12": 0.6679335141781326,
    "2": 0.9980124706167061,
    "3": 0.9991210194208219,
    "4": 0.9992428058431397,
    "5": 0.9979436814908753,
    "6": 0.997890557540233,
    "7": 0.9972817209569713,
    "8": 0.8152509831386537,
    "9": 0.798023792330792
  },
  "continuity": 0.29244444444444445,
  "geodesic_consistency": 0.7683647735196246,
  "k_bandwidth_stability": 7,
  "k_eigengap": 4,
  "k_oracle": 2,
  "known_noise_r": 0.08,
  "metadata": {
    "epsilon": 1.0,
    "epsilon_grid": [
      0.5,
      0.8,
      1.0,
      1.4,
      2.0
    ],
    "manifold": "torus",
    "method": "bandwidth_stability",
    "n_samples": 450,
    "seed": 11
  },
  "metrics_by_cutoff": {
    "bandwidth_stability": {
      "continuity": 0.29244444444444445,
      "geodesic_consistency": 0.7683647735196246,
      "trustworthiness": 0.9664267996419895
    },
    "eigengap": {
      "continuity": 0.29244444444444445,
      "geodesic_consistency": 0.7683647735196246,
      "trustworthiness": 0.9664267996419895
    },
    "oracle": {
      "continuity": 0.29244444444444445,
      "geodesic_consistency": 0.7683647735196246,
      "trustworthiness": 0.9664267996419895
    }
  },
  "oracle_subspace_distance_by_k": {
    "1": 0.10052076736677694,
    "10": 1.0715991714709483,
    "11": 1.100644801962676,
    "12": 0.9055817306449742,
    "2": 0.07222856291827735,
    "3": 0.13243422776114677,
    "4": 0.1486458571588541,
    "5": 0.20077751763079305,
    "6": 0.24716036058736493,
    "7": 0.2990689315926785,
    "8": 0.3636869334801503,
    "9": 0.42833905200427586
  },
  "selected_k": 7,
  "trustworthiness": 0.9664267996419895
}