{
  "bandwidth_stability_k": 6,
  "eigengap_k": 2,
  "k_r_based": 8,
  "oracle_k": 1,
  "oracle_subspace_distance_by_k": {
    "1": 0.13360725836839546,
    "10": 1.7513486181305045,
    "11": 2.011422919080344,
    "12": 2.2336435125774465,
    "2": 0.1865877347900779,
    "3": 0.39880357104810205,
    "4": 0.42234366963723113,
    "5": 0.5833806585711112,
    "6": 0.7046921927045828,
    "7": 1.1451666568037968,
    "8": 1.4849345179854203,
    "9": 1.6283206133707553
  },
  "r_estimated_simple": 0.042303292528032166,
  "r_estimated_twoscale": 0.024033915690146918,
  "selected_k": 8,
  "selected_method": "r_based",
  "stability_threshold": 0.9
}