{
  "bandwidth_stability_scores": {
    "1": 0.9997245908572947,
    "10": 0.6476501179544372,
    "11": 0.6645675603614906,
    "12": 0.674198272305528,
    "2": 0.9997252897881218,
    "3": 0.9995640331657325,
    "4": 0.9996069722670368,
    "5": 0.9985395616163298,
    "6": 0.9903157199354033,
    "7": 0.8848908633441132,
    "8": 0.8085672210442916,
    "9": 0.6891980481041027
  },
  "continuity": 0.5042222222222222,
  "geodesic_consistency": 0.7762702432504106,
  "k_bandwidth_stability": 6,
  "k_eigengap": 2,
  "k_oracle": 1,
  "k_r_based": 8,
  "known_noise_r": 0.12,
  "metadata": {
    "epsilon": 1.0,
    "epsilon_grid": [
      0.5,
      0.8,
      1.0,
      1.4,
      2.0
    ],
    "manifold": "circle",
    "method": "r_based",
    "n_samples": 450,
    "seed": 33
  },
  "metrics_by_cutoff": {
    "bandwidth_stability": {
      "continuity": 0.5042222222222222,
      "geodesic_consistency": 0.7762702432504106,
      "trustworthiness": 0.9874128628052679
    },
    "eigengap": {
      "continuity": 0.5042222222222222,
      "geodesic_consistency": 0.7762702432504106,
      "trustworthiness": 0.9874128628052679
    },
    "oracle": {
      "continuity": 0.21022222222222225,
      "geodesic_consistency": 0.6361902537156149,
      "trustworthiness": 0.743155095256361
    },
    "r_based": {
      "continuity": 0.5042222222222222,
      "geodesic_consistency": 0.7762702432504106,
      "trustworthiness": 0.9874128628052679
    }
  },
  "oracle_subspace_distance_by_k": {
    "1": 0.13360725836839546,
    "10": 1.7513486181305045,
    "11": 2.011422919080344,
    "12": 2.2336435125774465,
    "2": 0.1865877347900779,
    "3": 0.39880357104810205,
    "4": 0.42234366963723113,
    "5": 0.5833806585711112,
    "6": 0.7046921927045828,
    "7": 1.1451666568037968,
    "8": 1.4849345179854203,
    "9": 1.6283206133707553
  },
  "r_estimated_simple": 0.042303292528032166,
  "r_estimated_twoscale": 0.024033915690146918,
  "selected_k": 8,
  "trustworthiness": 0.9874128628052679
}