{
  "bandwidth_stability_k": 6,
  "eigengap_k": 2,
  "oracle_k": 2,
  "oracle_subspace_distance_by_k": {
    "1": 0.28879752726196545,
    "10": 1.5778871269019497,
    "11": 1.8647027665364662,
    "12": 2.10286250324967,
    "2": 0.12307758774500469,
    "3": 0.32160603450722397,
    "4": 0.2852796633221289,
    "5": 0.47643147997968016,
    "6": 0.48456526073914574,
    "7": 0.6546228228169603,
    "8": 0.7294866358727371,
    "9": 1.2318330934637272
  },
  "selected_k": 6,
  "selected_method": "bandwidth_stability",
  "stability_threshold": 0.8
}