{
  "bandwidth_stability_k": 6,
  "eigengap_k": 2,
  "k_r_based": 2,
  "oracle_k": 1,
  "oracle_subspace_distance_by_k": {
    "1": 0.08966672259992425,
    "10": 1.5673108083988114,
    "11": 1.8534996091576317,
    "12": 2.10090619278533,
    "2": 0.12355617866995325,
    "3": 0.2901269272745799,
    "4": 0.28296474702158997,
    "5": 0.39095018457861624,
    "6": 0.47752379299460057,
    "7": 0.640779072370478,
    "8": 0.7145634563720676,
    "9": 1.2222239452054195
  },
  "r_estimated_simple": 0.032792804846962995,
  "r_estimated_twoscale": 0.017369462363693265,
  "selected_k": 2,
  "selected_method": "r_based",
  "stability_threshold": 0.9
}