{
  "bandwidth_stability_k": 7,
  "eigengap_k": 4,
  "oracle_k": 1,
  "oracle_subspace_distance_by_k": {
    "1": 0.11016407424977288,
    "10": 1.2710838119153434,
    "11": 1.356372813667672,
    "12": 1.42802958458399,
    "2": 0.14481659883282388,
    "3": 0.2658061311639559,
    "4": 0.2964817128470409,
    "5": 0.39317976470612787,
    "6": 0.48034836515843976,
    "7": 0.5853175772627289,
    "8": 0.704551485064465,
    "9": 0.833981284748769
  },
  "selected_k": 7,
  "selected_method": "bandwidth_stability",
  "stability_threshold": 0.9
}