{
  "bandwidth_stability_scores": {
    "1": 0.994784529889295,
    "10": 0.8011190020542079,
    "11": 0.7054958382556829,
    "12": 0.7897526430272481,
    "2": 0.9947239141568383,
    "3": 0.9987818094684344,
    "4": 0.9989478875957196,
    "5": 0.9976883183418925,
    "6": 0.9972786285795279,
    "7": 0.9822460845839982,
    "8": 0.8288822309389273,
    "9": 0.8154308409927628
  },
  "continuity": 0.32155555555555554,
  "geodesic_consistency": 0.7631825157393515,
  "k_bandwidth_stability": 7,
  "k_eigengap": 4,
  "k_oracle": 1,
  "known_noise_r": 0.16,
  "metadata": {
    "epsilon": 1.0,
    "epsilon_grid": [
      0.5,
      0.8,
      1.0,
      1.4,
      2.0
    ],
    "manifold": "torus",
    "method": "bandwidth_stability",
    "n_samples": 450,
    "seed": 11
  },
  "metrics_by_cutoff": {
    "bandwidth_stability": {
      "continuity": 0.32155555555555554,
      "geodesic_consistency": 0.7631825157393515,
      "trustworthiness": 0.9636522183863956
    },
    "eigengap": {
      "continuity": 0.32155555555555554,
      "geodesic_consistency": 0.7631825157393515,
      "trustworthiness": 0.9636522183863956
    },
    "oracle": {
      "continuity": 0.14955555555555558,
      "geodesic_consistency": 0.34904188418729354,
      "trustworthiness": 0.7378079529471935
    }
  },
  "oracle_subspace_distance_by_k": {
    "1": 0.11016407424977288,
    "10": 1.2710838119153434,
    "11": 1.356372813667672,
    "12": 1.42802958458399,
    "2": 0.14481659883282388,
    "3": 0.2658061311639559,
    "4": 0.2964817128470409,
    "5": 0.39317976470612787,
    "6": 0.48034836515843976,
    "7": 0.5853175772627289,
    "8": 0.704551485064465,
    "9": 0.833981284748769
  },
  "selected_k": 7,
  "trustworthiness": 0.9636522183863956
}