{
  "bandwidth_stability_scores": {
    "1": 0.9998538156385717,
    "10": 0.45520695772553216,
    "11": 0.6167596267049416,
    "12": 0.4986681413574421,
    "2": 0.9998497156103676,
    "3": 0.9997672832694332,
    "4": 0.9997997089744021,
    "5": 0.9994910870308863,
    "6": 0.9993758613849852,
    "7": 0.8023168169803828,
    "8": 0.7592858977225715,
    "9": 0.41557100883164844
  },
  "continuity": 0.583111111111111,
  "geodesic_consistency": 0.7888357232588313,
  "k_bandwidth_stability": 6,
  "k_eigengap": 2,
  "k_oracle": 1,
  "k_r_based": 12,
  "known_noise_r": 0.08,
  "metadata": {
    "epsilon": 1.0,
    "epsilon_grid": [
      0.5,
      0.8,
      1.0,
      1.4,
      2.0
    ],
    "manifold": "circle",
    "method": "r_based",
    "n_samples": 450,
    "seed": 33
  },
  "metrics_by_cutoff": {
    "bandwidth_stability": {
      "continuity": 0.583111111111111,
      "geodesic_consistency": 0.7888357232588313,
      "trustworthiness": 0.9931497250990922
    },
    "eigengap": {
      "continuity": 0.583111111111111,
      "geodesic_consistency": 0.7888357232588313,
      "trustworthiness": 0.9931497250990922
    },
    "oracle": {
      "continuity": 0.24866666666666667,
      "geodesic_consistency": 0.6511841056958072,
      "trustworthiness": 0.7545751182713207
    },
    "r_based": {
      "continuity": 0.583111111111111,
      "geodesic_consistency": 0.7888357232588313,
      "trustworthiness": 0.9931497250990922
    }
  },
  "oracle_subspace_distance_by_k": {
    "1": 0.08966672259992425,
    "10": 1.5673108083988114,
    "11": 1.8534996091576317,
    "12": 2.10090619278533,
    "2": 0.12355617866995325,
    "3": 0.2901269272745799,
    "4": 0.28296474702158997,
    "5": 0.39095018457861624,
    "6": 0.47752379299460057,
    "7": 0.640779072370478,
    "8": 0.7145634563720676,
    "9": 1.2222239452054195
  },
  "r_estimated_simple": 0.032792804846962995,
  "r_estimated_twoscale": 0.017369462363693265,
  "selected_k": 12,
  "trustworthiness": 0.9931497250990922
}