{
  "bandwidth_stability_k": 8,
  "eigengap_k": 3,
  "k_r_based": 2,
  "oracle_k": 1,
  "oracle_subspace_distance_by_k": {
    "1": 0.19185103280381702,
    "10": 1.1092928350481577,
    "11": 1.3059229534024077,
    "12": 1.4852968757434397,
    "2": 0.25206829511531287,
    "3": 0.31093030497477175,
    "4": 0.5320889616263084,
    "5": 0.7128190356311922,
    "6": 0.69411535338872,
    "7": 0.699650624986289,
    "8": 0.7666855838868785,
    "9": 1.2015487313922522
  },
  "r_estimated_simple": 0.07963847946174078,
  "r_estimated_twoscale": 0.05658055322383597,
  "selected_k": 2,
  "selected_method": "r_based",
  "stability_threshold": 0.9
}