{
  "bandwidth_stability_scores": {
    "1": 0.9996159086553534,
    "10": 0.7525284677356993,
    "11": 0.7678003266821983,
    "12": 0.7758398339885187,
    "2": 0.999594641601429,
    "3": 0.9995561341005036,
    "4": 0.998945940353347,
    "5": 0.9918095347228895,
    "6": 0.9956271700768814,
    "7": 0.9946416467307224,
    "8": 0.9985133019526715,
    "9": 0.7681215217977873
  },
  "continuity": 0.36777777777777776,
  "geodesic_consistency": 0.34707060067996204,
  "k_bandwidth_stability": 8,
  "k_eigengap": 3,
  "k_oracle": 1,
  "k_r_based": 2,
  "known_noise_r": 0.12,
  "metadata": {
    "epsilon": 1.0,
    "epsilon_grid": [
      0.5,
      0.8,
      1.0,
      1.4,
      2.0
    ],
    "manifold": "sphere",
    "method": "r_based",
    "n_samples": 450,
    "seed": 33
  },
  "metrics_by_cutoff": {
    "bandwidth_stability": {
      "continuity": 0.36777777777777776,
      "geodesic_consistency": 0.34707060067996204,
      "trustworthiness": 0.8562270809359417
    },
    "eigengap": {
      "continuity": 0.36777777777777776,
      "geodesic_consistency": 0.34707060067996204,
      "trustworthiness": 0.8562270809359417
    },
    "oracle": {
      "continuity": 0.10866666666666668,
      "geodesic_consistency": 0.02178801633473112,
      "trustworthiness": 0.6850484592763073
    },
    "r_based": {
      "continuity": 0.36777777777777776,
      "geodesic_consistency": 0.34707060067996204,
      "trustworthiness": 0.8562270809359417
    }
  },
  "oracle_subspace_distance_by_k": {
    "1": 0.19185103280381702,
    "10": 1.1092928350481577,
    "11": 1.3059229534024077,
    "12": 1.4852968757434397,
    "2": 0.25206829511531287,
    "3": 0.31093030497477175,
    "4": 0.5320889616263084,
    "5": 0.7128190356311922,
    "6": 0.69411535338872,
    "7": 0.699650624986289,
    "8": 0.7666855838868785,
    "9": 1.2015487313922522
  },
  "r_estimated_simple": 0.07963847946174078,
  "r_estimated_twoscale": 0.05658055322383597,
  "selected_k": 2,
  "trustworthiness": 0.8562270809359417
}