{
  "bandwidth_stability_k": 8,
  "eigengap_k": 2,
  "k_r_based": 12,
  "oracle_k": 1,
  "oracle_subspace_distance_by_k": {
    "1": 0.023122116322489974,
    "10": 0.2654634964681647,
    "11": 1.003836994576589,
    "12": 1.3992883789453987,
    "2": 0.03063542330072794,
    "3": 0.08721040911838336,
    "4": 0.07078264264279212,
    "5": 0.09729403409284643,
    "6": 0.12053874853142792,
    "7": 0.15391256542961823,
    "8": 0.1794054561958393,
    "9": 0.2181821766913238
  },
  "r_estimated_simple": 0.013652150631582104,
  "r_estimated_twoscale": 0.005634541756593386,
  "selected_k": 12,
  "selected_method": "r_based",
  "stability_threshold": 0.9
}