{
  "bandwidth_stability_scores": {
    "1": 0.9995831489986287,
    "10": 0.6153389025890754,
    "11": 0.7263541706632157,
    "12": 0.8182921549884004,
    "2": 0.9995920118934164,
    "3": 0.9993241055639831,
    "4": 0.9993712833214132,
    "5": 0.7552056627053678,
    "6": 0.7927660247616477,
    "7": 0.740737957933596,
    "8": 0.6898133753178545,
    "9": 0.7134009593962725
  },
  "continuity": 0.18666666666666668,
  "geodesic_consistency": 0.6179701860035407,
  "k_bandwidth_stability": 4,
  "k_eigengap": 2,
  "k_oracle": 1,
  "k_r_based": 1,
  "known_noise_r": 0.16,
  "metadata": {
    "epsilon": 1.0,
    "epsilon_grid": [
      0.5,
      0.8,
      1.0,
      1.4,
      2.0
    ],
    "manifold": "circle",
    "method": "r_based",
    "n_samples": 450,
    "seed": 33
  },
  "metrics_by_cutoff": {
    "bandwidth_stability": {
      "continuity": 0.45488888888888884,
      "geodesic_consistency": 0.7599741182663421,
      "trustworthiness": 0.9811793888249585
    },
    "eigengap": {
      "continuity": 0.45488888888888884,
      "geodesic_consistency": 0.7599741182663421,
      "trustworthiness": 0.9811793888249585
    },
    "oracle": {
      "continuity": 0.18666666666666668,
      "geodesic_consistency": 0.6179701860035407,
      "trustworthiness": 0.7428466947960619
    },
    "r_based": {
      "continuity": 0.18666666666666668,
      "geodesic_consistency": 0.6179701860035407,
      "trustworthiness": 0.7428466947960619
    }
  },
  "oracle_subspace_distance_by_k": {
    "1": 0.1779373332761621,
    "10": 2.130684025529525,
    "11": 2.267360993878915,
    "12": 2.400240225617359,
    "2": 0.2505361761555771,
    "3": 0.4995221392942579,
    "4": 0.5581576444886981,
    "5": 0.7654557452866475,
    "6": 0.9194385429571776,
    "7": 1.3458474828897704,
    "8": 1.6720467620619885,
    "9": 1.9425783563243924
  },
  "r_estimated_simple": 0.051150317558782854,
  "r_estimated_twoscale": 0.02879378126253712,
  "selected_k": 1,
  "trustworthiness": 0.7428466947960619
}