{
  "bandwidth_stability_scores": {
    "1": 0.9993391290319109,
    "10": 0.6723057093132239,
    "11": 0.5585081758466314,
    "12": 0.49158362035585457,
    "2": 0.999412868187594,
    "3": 0.9989211633364616,
    "4": 0.9988704903996664,
    "5": 0.8467983924203429,
    "6": 0.7497234411534932,
    "7": 0.5254551985119125,
    "8": 0.5107430916534501,
    "9": 0.6183604839692561
  },
  "continuity": 0.45444444444444443,
  "estimated_intrinsic_dim_clean": 1.1305968029802747,
  "estimated_intrinsic_dim_noisy": 3.3141266827134483,
  "geodesic_consistency": 0.7538084040446823,
  "k_bandwidth_stability": 4,
  "k_eigengap": 2,
  "k_intrinsic_dim": 4,
  "k_oracle": 1,
  "known_noise_r": 0.16,
  "metadata": {
    "epsilon": 1.0,
    "epsilon_grid": [
      0.5,
      0.8,
      1.0,
      1.4,
      2.0
    ],
    "manifold": "circle",
    "method": "bandwidth_stability",
    "n_samples": 450,
    "seed": 22
  },
  "metrics_by_cutoff": {
    "bandwidth_stability": {
      "continuity": 0.45444444444444443,
      "geodesic_consistency": 0.7538084040446823,
      "trustworthiness": 0.9812653113412607
    },
    "eigengap": {
      "continuity": 0.45444444444444443,
      "geodesic_consistency": 0.7538084040446823,
      "trustworthiness": 0.9812653113412607
    },
    "oracle": {
      "continuity": 0.17577777777777784,
      "geodesic_consistency": 0.6264998910445446,
      "trustworthiness": 0.7520235264032732
    }
  },
  "oracle_subspace_distance_by_k": {
    "1": 0.17482341063211732,
    "10": 2.1075711057906634,
    "11": 2.238092740687586,
    "12": 2.4417586098975703,
    "2": 0.2428047938925771,
    "3": 0.47812032063618576,
    "4": 0.54975934802626,
    "5": 0.9161999090541285,
    "6": 0.9050534051029644,
    "7": 1.3471463108357056,
    "8": 1.669092330867515,
    "9": 1.8965794903408313
  },
  "selected_k": 4,
  "trustworthiness": 0.9812653113412607
}