{
  "bandwidth_stability_scores": {
    "1": 0.9999191467748667,
    "10": 0.9982825532910766,
    "11": 0.9976824862915856,
    "12": 0.9981448965858442,
    "2": 0.9998672440129979,
    "3": 0.9999075717922974,
    "4": 0.9995249833761455,
    "5": 0.9993175563081892,
    "6": 0.9996514382237589,
    "7": 0.9996091498846522,
    "8": 0.9996849166461128,
    "9": 0.9984160123149581
  },
  "continuity": 0.43577777777777776,
  "geodesic_consistency": 0.4933280146590076,
  "k_bandwidth_stability": 12,
  "k_eigengap": 3,
  "k_oracle": 3,
  "known_noise_r": 0.02,
  "metadata": {
    "epsilon": 1.0,
    "epsilon_grid": [
      0.5,
      0.8,
      1.0,
      1.4,
      2.0
    ],
    "manifold": "sphere",
    "method": "bandwidth_stability",
    "n_samples": 450,
    "seed": 11
  },
  "metrics_by_cutoff": {
    "bandwidth_stability": {
      "continuity": 0.43577777777777776,
      "geodesic_consistency": 0.4933280146590076,
      "trustworthiness": 0.8471213399820995
    },
    "eigengap": {
      "continuity": 0.43577777777777776,
      "geodesic_consistency": 0.4933280146590076,
      "trustworthiness": 0.8471213399820995
    },
    "oracle": {
      "continuity": 0.43577777777777776,
      "geodesic_consistency": 0.4933280146590076,
      "trustworthiness": 0.8471213399820995
    }
  },
  "oracle_subspace_distance_by_k": {
    "1": 0.06728978022712907,
    "10": 0.21025058792146678,
    "11": 0.23266818970902958,
    "12": 0.2246919246971669,
    "2": 0.10581334984690692,
    "3": 0.0547455796799979,
    "4": 0.09919086977067852,
    "5": 0.11516526615738941,
    "6": 0.12258213853748577,
    "7": 0.12774666416998837,
    "8": 0.13812318556144212,
    "9": 0.17278558292114338
  },
  "selected_k": 12,
  "trustworthiness": 0.8471213399820995
}