{
  "bandwidth_stability_k": 13,
  "eigengap_k": 1,
  "oracle_k": 1,
  "oracle_subspace_distance_by_k": {
    "1": 0.07346954383208848,
    "10": 0.8254865662670943,
    "11": 1.1740564866256487,
    "12": 0.9592254441021206,
    "13": 1.0338021447866688,
    "14": 1.3426026180543198,
    "15": 1.1978400625225185,
    "2": 0.16632373764294087,
    "3": 0.3532374778280612,
    "4": 0.37087735671252536,
    "5": 0.4018591079069317,
    "6": 0.496545465598141,
    "7": 0.5414359714984004,
    "8": 0.6168370498511877,
    "9": 0.7105620263564751
  },
  "selected_k": 13,
  "selected_method": "bandwidth_stability",
  "stability_threshold": 0.9
}