{
  "bandwidth_stability_scores": {
    "1": 0.9998242752342618,
    "10": 0.906861695782724,
    "11": 0.841656828363201,
    "12": 0.843862451093957,
    "13": 0.9787183155310414,
    "14": 0.7057535975986143,
    "15": 0.4946340124306647,
    "2": 0.998683122068055,
    "3": 0.9559475556240598,
    "4": 0.949655206853631,
    "5": 0.9911698556816516,
    "6": 0.9664666348473935,
    "7": 0.9677616029170478,
    "8": 0.9975243627101603,
    "9": 0.9681233397204312
  },
  "continuity": 0.275,
  "geodesic_consistency": -0.0026424839000863697,
  "k_bandwidth_stability": 13,
  "k_eigengap": 1,
  "k_oracle": 1,
  "known_noise_r": 0.12,
  "metadata": {
    "epsilon": 1.2,
    "epsilon_grid": [
      0.8,
      1.2,
      1.6,
      2.4
    ],
    "manifold": "s_curve",
    "method": "bandwidth_stability",
    "n_samples": 500,
    "seed": 9
  },
  "metrics_by_cutoff": {
    "bandwidth_stability": {
      "continuity": 0.275,
      "geodesic_consistency": -0.0026424839000863697,
      "trustworthiness": 0.9220899896800826
    },
    "eigengap": {
      "continuity": 0.1708,
      "geodesic_consistency": -0.008124295336215016,
      "trustworthiness": 0.8740821465428277
    },
    "oracle": {
      "continuity": 0.1708,
      "geodesic_consistency": -0.008124295336215016,
      "trustworthiness": 0.8740821465428277
    }
  },
  "oracle_subspace_distance_by_k": {
    "1": 0.07346954383208848,
    "10": 0.8254865662670943,
    "11": 1.1740564866256487,
    "12": 0.9592254441021206,
    "13": 1.0338021447866688,
    "14": 1.3426026180543198,
    "15": 1.1978400625225185,
    "2": 0.16632373764294087,
    "3": 0.3532374778280612,
    "4": 0.37087735671252536,
    "5": 0.4018591079069317,
    "6": 0.496545465598141,
    "7": 0.5414359714984004,
    "8": 0.6168370498511877,
    "9": 0.7105620263564751
  },
  "selected_k": 13,
  "trustworthiness": 0.9220899896800826
}