{
  "cases": [
    {
      "case": "narrow_bandwidths",
      "continuity_mean": 0.653875,
      "geodesic_consistency_mean": -0.017362615127818982,
      "selected_k_mean": 1.0,
      "selected_k_std": 0.0,
      "trustworthiness_mean": 0.9839785435630689
    },
    {
      "case": "wide_bandwidths",
      "continuity_mean": 0.5077499999999999,
      "geodesic_consistency_mean": -0.0153860469001337,
      "selected_k_mean": 1.0,
      "selected_k_std": 0.0,
      "trustworthiness_mean": 0.875549089726918
    }
  ]
}