{
  "bandwidth_stability_k": 6,
  "eigengap_k": 2,
  "k_r_based": 8,
  "oracle_k": 2,
  "oracle_subspace_distance_by_k": {
    "1": 0.4013869490431787,
    "10": 1.7697933440330194,
    "11": 2.0158210485782906,
    "12": 2.2387670531819523,
    "2": 0.1853438806093172,
    "3": 0.4772457771665881,
    "4": 0.42472985560782034,
    "5": 0.6516497861473587,
    "6": 0.7120761643976038,
    "7": 1.1872234437700409,
    "8": 1.4116225413615069,
    "9": 1.6180207628037682
  },
  "r_estimated_simple": 0.04325602788892677,
  "r_estimated_twoscale": 0.02575554733256361,
  "selected_k": 8,
  "selected_method": "r_based",
  "stability_threshold": 0.9
}