{
  "bandwidth_stability_scores": {
    "1": 0.9993661094490157,
    "10": 0.5751179312123627,
    "11": 0.6845274548476472,
    "12": 0.5468152114804063,
    "2": 0.9993383638862008,
    "3": 0.9995322542918198,
    "4": 0.9995003734176167,
    "5": 0.9951172130281485,
    "6": 0.9898009867198826,
    "7": 0.8173873913548921,
    "8": 0.7044211651884522,
    "9": 0.578818828208876
  },
  "continuity": 0.5039999999999999,
  "geodesic_consistency": 0.738400553557329,
  "k_bandwidth_stability": 6,
  "k_eigengap": 2,
  "k_oracle": 2,
  "k_r_based": 8,
  "known_noise_r": 0.12,
  "metadata": {
    "epsilon": 1.0,
    "epsilon_grid": [
      0.5,
      0.8,
      1.0,
      1.4,
      2.0
    ],
    "manifold": "circle",
    "method": "r_based",
    "n_samples": 450,
    "seed": 11
  },
  "metrics_by_cutoff": {
    "bandwidth_stability": {
      "continuity": 0.5039999999999999,
      "geodesic_consistency": 0.738400553557329,
      "trustworthiness": 0.9864186165451988
    },
    "eigengap": {
      "continuity": 0.5039999999999999,
      "geodesic_consistency": 0.738400553557329,
      "trustworthiness": 0.9864186165451988
    },
    "oracle": {
      "continuity": 0.5039999999999999,
      "geodesic_consistency": 0.738400553557329,
      "trustworthiness": 0.9864186165451988
    },
    "r_based": {
      "continuity": 0.5039999999999999,
      "geodesic_consistency": 0.738400553557329,
      "trustworthiness": 0.9864186165451988
    }
  },
  "oracle_subspace_distance_by_k": {
    "1": 0.4013869490431787,
    "10": 1.7697933440330194,
    "11": 2.0158210485782906,
    "12": 2.2387670531819523,
    "2": 0.1853438806093172,
    "3": 0.4772457771665881,
    "4": 0.42472985560782034,
    "5": 0.6516497861473587,
    "6": 0.7120761643976038,
    "7": 1.1872234437700409,
    "8": 1.4116225413615069,
    "9": 1.6180207628037682
  },
  "r_estimated_simple": 0.04325602788892677,
  "r_estimated_twoscale": 0.02575554733256361,
  "selected_k": 8,
  "trustworthiness": 0.9864186165451988
}