{
  "bandwidth_stability_k": 12,
  "eigengap_k": 3,
  "k_r_based": 12,
  "oracle_k": 1,
  "oracle_subspace_distance_by_k": {
    "1": 0.028704771328713425,
    "10": 0.5739549833269804,
    "11": 0.22041211953799048,
    "12": 0.20657328152181625,
    "2": 0.04081755499886673,
    "3": 0.050848870053354055,
    "4": 0.08305896072291541,
    "5": 0.09220767318486704,
    "6": 0.22409220484662631,
    "7": 0.1198346172891713,
    "8": 0.1308977836352446,
    "9": 0.155068184903471
  },
  "r_estimated_simple": 0.04075066396697999,
  "r_estimated_twoscale": 0.01314513161016122,
  "selected_k": 12,
  "selected_method": "r_based",
  "stability_threshold": 0.9
}