{
  "bandwidth_stability_k": 8,
  "eigengap_k": 2,
  "k_r_based": 12,
  "oracle_k": 1,
  "oracle_subspace_distance_by_k": {
    "1": 0.020248320672457472,
    "10": 0.2453687755841675,
    "11": 0.9656367780206028,
    "12": 1.3243720478360232,
    "2": 0.029840622927810544,
    "3": 0.05687484909306723,
    "4": 0.07080758886978776,
    "5": 0.129094587668085,
    "6": 0.1217146982852439,
    "7": 0.15160972107045007,
    "8": 0.18012057478679006,
    "9": 0.21594366424754052
  },
  "r_estimated_simple": 0.013930711676347646,
  "r_estimated_twoscale": 0.0059379256554349434,
  "selected_k": 12,
  "selected_method": "r_based",
  "stability_threshold": 0.9
}