{
  "bandwidth_stability_k": 6,
  "eigengap_k": 2,
  "k_r_based": 12,
  "oracle_k": 2,
  "oracle_subspace_distance_by_k": {
    "1": 0.1837006142687467,
    "10": 1.439368394029724,
    "11": 1.7303823657824626,
    "12": 1.813268787422304,
    "2": 0.076745213250552,
    "3": 0.19887706520497858,
    "4": 0.1788871062718388,
    "5": 0.3223278062240777,
    "6": 0.3059419251880823,
    "7": 0.40536064502196595,
    "8": 0.45588152815305727,
    "9": 1.097096075127227
  },
  "r_estimated_simple": 0.02488919880355381,
  "r_estimated_twoscale": 0.012451333396165453,
  "selected_k": 12,
  "selected_method": "r_based",
  "stability_threshold": 0.9
}