{
  "bandwidth_stability_scores": {
    "1": 0.9999439045415672,
    "10": 0.7258010937294981,
    "11": 0.421033852026125,
    "12": 0.27978871575682174,
    "2": 0.9999367332537509,
    "3": 0.9998771952711644,
    "4": 0.9998450011747627,
    "5": 0.9996849283675013,
    "6": 0.9997560947734008,
    "7": 0.7754951801629172,
    "8": 0.8012819784146028,
    "9": 0.5502129219418638
  },
  "continuity": 0.6895555555555556,
  "geodesic_consistency": 0.7526961902274701,
  "k_bandwidth_stability": 6,
  "k_eigengap": 2,
  "k_oracle": 2,
  "k_r_based": 12,
  "known_noise_r": 0.05,
  "metadata": {
    "epsilon": 1.0,
    "epsilon_grid": [
      0.5,
      0.8,
      1.0,
      1.4,
      2.0
    ],
    "manifold": "circle",
    "method": "r_based",
    "n_samples": 450,
    "seed": 11
  },
  "metrics_by_cutoff": {
    "bandwidth_stability": {
      "continuity": 0.6895555555555556,
      "geodesic_consistency": 0.7526961902274701,
      "trustworthiness": 0.9966188466947961
    },
    "eigengap": {
      "continuity": 0.6895555555555556,
      "geodesic_consistency": 0.7526961902274701,
      "trustworthiness": 0.9966188466947961
    },
    "oracle": {
      "continuity": 0.6895555555555556,
      "geodesic_consistency": 0.7526961902274701,
      "trustworthiness": 0.9966188466947961
    },
    "r_based": {
      "continuity": 0.6895555555555556,
      "geodesic_consistency": 0.7526961902274701,
      "trustworthiness": 0.9966188466947961
    }
  },
  "oracle_subspace_distance_by_k": {
    "1": 0.1837006142687467,
    "10": 1.439368394029724,
    "11": 1.7303823657824626,
    "12": 1.813268787422304,
    "2": 0.076745213250552,
    "3": 0.19887706520497858,
    "4": 0.1788871062718388,
    "5": 0.3223278062240777,
    "6": 0.3059419251880823,
    "7": 0.40536064502196595,
    "8": 0.45588152815305727,
    "9": 1.097096075127227
  },
  "r_estimated_simple": 0.02488919880355381,
  "r_estimated_twoscale": 0.012451333396165453,
  "selected_k": 12,
  "trustworthiness": 0.9966188466947961
}