{
  "bandwidth_stability_k": 1,
  "eigengap_k": 10,
  "oracle_k": 1,
  "oracle_subspace_distance_by_k": {
    "1": 0.0421396250075328,
    "10": 0.34595180121064373,
    "11": 0.34325472668635737,
    "12": 0.36651531181875396,
    "2": 0.3475502217000027,
    "3": 1.0068084039372514,
    "4": 1.019429104766147,
    "5": 0.3353737243423765,
    "6": 0.5117957963123685,
    "7": 1.0337438981157847,
    "8": 0.3620295098721161,
    "9": 0.35099252494046174
  },
  "selected_k": 1,
  "selected_method": "bandwidth_stability",
  "stability_threshold": 0.9
}