{
  "bandwidth_stability_scores": {
    "1": 0.9188186685440426,
    "10": 0.5636000400223219,
    "11": 0.6079433285399927,
    "12": 0.5993048451754749,
    "2": 0.6061955095655659,
    "3": 0.4090941145432961,
    "4": 0.4185353015653896,
    "5": 0.3513088918560842,
    "6": 0.6155758241585644,
    "7": 0.5039147684288847,
    "8": 0.5284206496211791,
    "9": 0.7302699827266247
  },
  "continuity": 0.64225,
  "geodesic_consistency": -0.02136285406250903,
  "k_bandwidth_stability": 1,
  "k_eigengap": 10,
  "k_oracle": 1,
  "known_noise_r": 0.08,
  "metadata": {
    "epsilon": 1.2,
    "epsilon_grid": [
      0.6,
      1.2,
      2.4,
      3.0
    ],
    "manifold": "swiss_roll",
    "method": "bandwidth_stability",
    "n_samples": 400,
    "seed": 202
  },
  "metrics_by_cutoff": {
    "bandwidth_stability": {
      "continuity": 0.64225,
      "geodesic_consistency": -0.02136285406250903,
      "trustworthiness": 0.9692574772431729
    },
    "eigengap": {
      "continuity": 0.5947500000000001,
      "geodesic_consistency": -0.01725813512475024,
      "trustworthiness": 0.9643868660598179
    },
    "oracle": {
      "continuity": 0.64225,
      "geodesic_consistency": -0.02136285406250903,
      "trustworthiness": 0.9692574772431729
    }
  },
  "oracle_subspace_distance_by_k": {
    "1": 0.0421396250075328,
    "10": 0.34595180121064373,
    "11": 0.34325472668635737,
    "12": 0.36651531181875396,
    "2": 0.3475502217000027,
    "3": 1.0068084039372514,
    "4": 1.019429104766147,
    "5": 0.3353737243423765,
    "6": 0.5117957963123685,
    "7": 1.0337438981157847,
    "8": 0.3620295098721161,
    "9": 0.35099252494046174
  },
  "selected_k": 1,
  "trustworthiness": 0.9692574772431729
}