{
  "bandwidth_stability_scores": {
    "1": 0.7101759485376263,
    "10": 0.3296177115465158,
    "11": 0.3243054219856521,
    "12": 0.7070814023754112,
    "2": 0.3272715329997761,
    "3": 0.43371673392196647,
    "4": 0.33820846560911694,
    "5": 0.5142204161197668,
    "6": 0.6569029125399969,
    "7": 0.5122156950196289,
    "8": 0.40250947956689237,
    "9": 0.4193643593576412
  },
  "continuity": 0.46599999999999997,
  "geodesic_consistency": -0.015766654152006364,
  "k_bandwidth_stability": 1,
  "k_eigengap": 12,
  "k_oracle": 1,
  "k_r_based": 1,
  "known_noise_r": 0.03,
  "metadata": {
    "epsilon": 1.0,
    "epsilon_grid": [
      0.5,
      1.0,
      2.0,
      3.0
    ],
    "manifold": "swiss_roll",
    "method": "r_based",
    "n_samples": 400,
    "seed": 11
  },
  "metrics_by_cutoff": {
    "bandwidth_stability": {
      "continuity": 0.46599999999999997,
      "geodesic_consistency": -0.015766654152006364,
      "trustworthiness": 0.8449505851755527
    },
    "eigengap": {
      "continuity": 0.5825,
      "geodesic_consistency": -0.013225229478003427,
      "trustworthiness": 0.968830299089727
    },
    "oracle": {
      "continuity": 0.46599999999999997,
      "geodesic_consistency": -0.015766654152006364,
      "trustworthiness": 0.8449505851755527
    },
    "r_based": {
      "continuity": 0.46599999999999997,
      "geodesic_consistency": -0.015766654152006364,
      "trustworthiness": 0.8449505851755527
    }
  },
  "oracle_subspace_distance_by_k": {
    "1": 0.05660899564583435,
    "10": 0.092098116432435,
    "11": 0.08552826130619523,
    "12": 0.08114021438024112,
    "2": 0.070990736690399,
    "3": 0.07416856185940696,
    "4": 0.09514729262411331,
    "5": 0.0809732217236541,
    "6": 0.09825157655077207,
    "7": 0.1016325010459913,
    "8": 0.08482677157106126,
    "9": 0.08631162859250568
  },
  "r_estimated_simple": 0.20747985617419976,
  "r_estimated_twoscale": 0.134176870610291,
  "selected_k": 1,
  "trustworthiness": 0.8449505851755527
}