{
  "bandwidth_stability_scores": {
    "1": 0.9972504977241339,
    "10": 0.9771245579326788,
    "11": 0.9829069915608384,
    "12": 0.9234304824171966,
    "2": 0.9973017004615907,
    "3": 0.9997612103600633,
    "4": 0.999378153333778,
    "5": 0.9986950189205013,
    "6": 0.9976006250624184,
    "7": 0.9959556868075495,
    "8": 0.9952955136345919,
    "9": 0.9824312566937499
  },
  "continuity": 0.40444444444444444,
  "geodesic_consistency": 0.4742668211117072,
  "k_bandwidth_stability": 12,
  "k_eigengap": 3,
  "k_oracle": 1,
  "k_r_based": 2,
  "known_noise_r": 0.08,
  "metadata": {
    "epsilon": 1.0,
    "epsilon_grid": [
      0.5,
      0.8,
      1.0,
      1.4,
      2.0
    ],
    "manifold": "sphere",
    "method": "r_based",
    "n_samples": 450,
    "seed": 22
  },
  "metrics_by_cutoff": {
    "bandwidth_stability": {
      "continuity": 0.40444444444444444,
      "geodesic_consistency": 0.4742668211117072,
      "trustworthiness": 0.8573312875591357
    },
    "eigengap": {
      "continuity": 0.40444444444444444,
      "geodesic_consistency": 0.4742668211117072,
      "trustworthiness": 0.8573312875591357
    },
    "oracle": {
      "continuity": 0.12377777777777778,
      "geodesic_consistency": 0.31370254041291734,
      "trustworthiness": 0.6808684311469122
    },
    "r_based": {
      "continuity": 0.40444444444444444,
      "geodesic_consistency": 0.4742668211117072,
      "trustworthiness": 0.8573312875591357
    }
  },
  "oracle_subspace_distance_by_k": {
    "1": 0.11509302548147465,
    "10": 1.1523361565502244,
    "11": 0.7936334602092245,
    "12": 0.818287921032557,
    "2": 0.1622678596469725,
    "3": 0.2019919350707517,
    "4": 0.31292673702716456,
    "5": 0.35854078166395636,
    "6": 0.7144744979999661,
    "7": 0.4725018498410179,
    "8": 0.518163305963648,
    "9": 0.6060382594050159
  },
  "r_estimated_simple": 0.06537250759700133,
  "r_estimated_twoscale": 0.04270877311690179,
  "selected_k": 2,
  "trustworthiness": 0.8573312875591357
}