{
  "metadata": {
    "epsilon": 1.0,
    "epsilon_grid": [
      0.5,
      1.0,
      2.0,
      3.0
    ],
    "known_noise_r": 0.03,
    "manifold": "swiss_roll",
    "method": "bandwidth_stability",
    "n_samples": 400,
    "seed": 11
  },
  "stability": {
    "considered_max_k": 12,
    "epsilon_grid": [
      0.5,
      1.0,
      2.0,
      3.0
    ],
    "epsilon_pair_matrix": [
      [
        1.0,
        0.19037220574344885,
        0.18852092519434108,
        0.027366446914203545
      ],
      [
        0.19037220574344885,
        1.0,
        0.17022785453205994,
        0.1251777847859517
      ],
      [
        0.18852092519434108,
        0.17022785453205994,
        1.0,
        0.2437980578689972
      ],
      [
        0.027366446914203545,
        0.1251777847859517,
        0.2437980578689972,
        1.0
      ]
    ],
    "mode_scores": {
      "1": 0.47297095385397786,
      "10": 0.0271281924492244,
      "11": 0.16808462117427136,
      "12": 0.14743691633305178,
      "2": 0.16213405099965164,
      "3": 0.0161950937054977,
      "4": 0.019385512225225495,
      "5": 0.1823136829371518,
      "6": 0.13439914635922573,
      "7": 0.49043120725386774,
      "8": 0.0638913711235676,
      "9": 0.006555801663291424
    },
    "pairwise_bandwidth_scores": [
      0.47297095385397786,
      0.16213405099965164,
      0.0161950937054977,
      0.019385512225225495,
      0.1823136829371518,
      0.13439914635922573,
      0.49043120725386774,
      0.0638913711235676,
      0.006555801663291424,
      0.0271281924492244,
      0.16808462117427136,
      0.14743691633305178
    ],
    "selected_k": 1,
    "selection_rationale": "Choose largest k with average cross-bandwidth eigenvector stability above threshold.",
    "threshold": 0.9
  }
}