{
  "bandwidth_stability_scores": {
    "1": 0.47297095385397786,
    "10": 0.0271281924492244,
    "11": 0.16808462117427136,
    "12": 0.14743691633305178,
    "2": 0.16213405099965164,
    "3": 0.0161950937054977,
    "4": 0.019385512225225495,
    "5": 0.1823136829371518,
    "6": 0.13439914635922573,
    "7": 0.49043120725386774,
    "8": 0.0638913711235676,
    "9": 0.006555801663291424
  },
  "continuity": 0.12050000000000001,
  "geodesic_consistency": -1.957398682297749,
  "k_bandwidth_stability": 1,
  "k_eigengap": 1,
  "known_noise_r": 0.03,
  "metadata": {
    "epsilon": 1.0,
    "epsilon_grid": [
      0.5,
      1.0,
      2.0,
      3.0
    ],
    "manifold": "swiss_roll",
    "method": "bandwidth_stability",
    "n_samples": 400,
    "seed": 11
  },
  "selected_k": 1,
  "trustworthiness": 0.6543198959687906
}