{
  "bandwidth_stability_scores": {
    "1": 0.18494139979225363,
    "10": 0.0014306402692747069,
    "11": 0.018153999568732412,
    "12": 0.006879335970999471,
    "2": 0.30284112036219396,
    "3": 0.4536040038987357,
    "4": 0.16553588406422845,
    "5": 0.19324394126121502,
    "6": 0.16525857334037475,
    "7": 0.0028451941223495113,
    "8": 0.05961361644229648,
    "9": 0.15535817612400046
  },
  "continuity": 0.13949999999999999,
  "geodesic_consistency": -1.9802886657756584,
  "k_bandwidth_stability": 1,
  "k_eigengap": 1,
  "known_noise_r": 0.08,
  "selected_k": 1,
  "trustworthiness": 0.6569954486345904
}