{
  "bandwidth_stability_k": 8,
  "eigengap_k": 2,
  "estimated_intrinsic_dim_clean": 1.1305968029802747,
  "estimated_intrinsic_dim_noisy": 2.2018906397910913,
  "k_intrinsic_dim": 3,
  "oracle_k": 1,
  "oracle_subspace_distance_by_k": {
    "1": 0.020248320672457472,
    "10": 0.2453687755841675,
    "11": 0.9656367780206029,
    "12": 1.3243720478360232,
    "2": 0.029840622927810544,
    "3": 0.05687484909306723,
    "4": 0.07080758886978776,
    "5": 0.129094587668085,
    "6": 0.1217146982852439,
    "7": 0.15160972107045007,
    "8": 0.18012057478679006,
    "9": 0.21594366424754055
  },
  "selected_k": 8,
  "selected_method": "bandwidth_stability",
  "stability_threshold": 0.9
}