{
  "bandwidth_stability_scores": {
    "1": 0.9999011095977961,
    "10": 0.5984712136242631,
    "11": 0.3931279690776809,
    "12": 0.41564046262885457,
    "2": 0.999912350971902,
    "3": 0.9998375904937741,
    "4": 0.9998674298273879,
    "5": 0.9998922041539458,
    "6": 0.9998849981740912,
    "7": 0.9980949093910892,
    "8": 0.9960222404961374,
    "9": 0.751995255565054
  },
  "continuity": 0.8960000000000002,
  "estimated_intrinsic_dim_clean": 1.1305968029802747,
  "estimated_intrinsic_dim_noisy": 2.2018906397910913,
  "geodesic_consistency": 0.7786662890479152,
  "k_bandwidth_stability": 8,
  "k_eigengap": 2,
  "k_intrinsic_dim": 3,
  "k_oracle": 1,
  "known_noise_r": 0.02,
  "metadata": {
    "epsilon": 1.0,
    "epsilon_grid": [
      0.5,
      0.8,
      1.0,
      1.4,
      2.0
    ],
    "manifold": "circle",
    "method": "bandwidth_stability",
    "n_samples": 450,
    "seed": 22
  },
  "metrics_by_cutoff": {
    "bandwidth_stability": {
      "continuity": 0.8960000000000002,
      "geodesic_consistency": 0.7786662890479152,
      "trustworthiness": 0.9997135916123258
    },
    "eigengap": {
      "continuity": 0.8960000000000002,
      "geodesic_consistency": 0.7786662890479152,
      "trustworthiness": 0.9997135916123258
    },
    "oracle": {
      "continuity": 0.3864444444444445,
      "geodesic_consistency": 0.662525180535633,
      "trustworthiness": 0.7621997187060479
    }
  },
  "oracle_subspace_distance_by_k": {
    "1": 0.020248320672457472,
    "10": 0.2453687755841675,
    "11": 0.9656367780206029,
    "12": 1.3243720478360232,
    "2": 0.029840622927810544,
    "3": 0.05687484909306723,
    "4": 0.07080758886978776,
    "5": 0.129094587668085,
    "6": 0.1217146982852439,
    "7": 0.15160972107045007,
    "8": 0.18012057478679006,
    "9": 0.21594366424754055
  },
  "selected_k": 8,
  "trustworthiness": 0.9997135916123258
}