{
  "bandwidth_stability_k": 6,
  "eigengap_k": 2,
  "k_r_based": 12,
  "oracle_k": 1,
  "oracle_subspace_distance_by_k": {
    "1": 0.08282689928637521,
    "10": 1.5730705952372135,
    "11": 1.8573533135195839,
    "12": 2.1004328383463853,
    "2": 0.12011094081038244,
    "3": 0.23006141933926488,
    "4": 0.28120762515564973,
    "5": 0.5191258749764556,
    "6": 0.4778416444741557,
    "7": 0.5950181814146723,
    "8": 0.7006808123722038,
    "9": 1.2198788939216756
  },
  "r_estimated_simple": 0.03142605963492362,
  "r_estimated_twoscale": 0.01948625758249218,
  "selected_k": 12,
  "selected_method": "r_based",
  "stability_threshold": 0.9
}