{
  "bandwidth_stability_k": 12,
  "eigengap_k": 4,
  "oracle_k": 1,
  "oracle_subspace_distance_by_k": {
    "1": 0.09843980216860503,
    "10": 1.1811294661671423,
    "11": 1.0687828159192394,
    "12": 1.3407295617115693,
    "2": 0.1291171568527384,
    "3": 0.20310080360574656,
    "4": 0.26540916818941374,
    "5": 0.35471392780739447,
    "6": 0.43176759710425283,
    "7": 0.5522110510521656,
    "8": 0.6560806037366312,
    "9": 0.9407774218155434
  },
  "selected_k": 12,
  "selected_method": "bandwidth_stability",
  "stability_threshold": 0.9
}