{
  "bandwidth_stability_scores": {
    "1": 0.998419430232345,
    "10": 0.7778198939925207,
    "11": 0.7807671413193088,
    "12": 0.9191666824993794,
    "2": 0.9984060241580477,
    "3": 0.9993903120638914,
    "4": 0.9990666346577022,
    "5": 0.9978948761210755,
    "6": 0.9980255818196448,
    "7": 0.9776471306523771,
    "8": 0.9632156632909434,
    "9": 0.9183346747048259
  },
  "continuity": 0.30977777777777776,
  "geodesic_consistency": 0.7596084389118499,
  "k_bandwidth_stability": 12,
  "k_eigengap": 4,
  "k_oracle": 1,
  "known_noise_r": 0.16,
  "metadata": {
    "epsilon": 1.0,
    "epsilon_grid": [
      0.5,
      0.8,
      1.0,
      1.4,
      2.0
    ],
    "manifold": "torus",
    "method": "bandwidth_stability",
    "n_samples": 450,
    "seed": 22
  },
  "metrics_by_cutoff": {
    "bandwidth_stability": {
      "continuity": 0.30977777777777776,
      "geodesic_consistency": 0.7596084389118499,
      "trustworthiness": 0.964293568597366
    },
    "eigengap": {
      "continuity": 0.30977777777777776,
      "geodesic_consistency": 0.7596084389118499,
      "trustworthiness": 0.964293568597366
    },
    "oracle": {
      "continuity": 0.14666666666666667,
      "geodesic_consistency": 0.6864697436289879,
      "trustworthiness": 0.7580600946170566
    }
  },
  "oracle_subspace_distance_by_k": {
    "1": 0.09843980216860503,
    "10": 1.1811294661671423,
    "11": 1.0687828159192394,
    "12": 1.3407295617115693,
    "2": 0.1291171568527384,
    "3": 0.20310080360574656,
    "4": 0.26540916818941374,
    "5": 0.35471392780739447,
    "6": 0.43176759710425283,
    "7": 0.5522110510521656,
    "8": 0.6560806037366312,
    "9": 0.9407774218155434
  },
  "selected_k": 12,
  "trustworthiness": 0.964293568597366
}