{
  "bandwidth_stability_k": 7,
  "eigengap_k": 4,
  "oracle_k": 2,
  "oracle_subspace_distance_by_k": {
    "1": 0.047537563722662796,
    "10": 0.9986863543434781,
    "11": 0.16875379855866907,
    "12": 0.1839528899591296,
    "2": 0.01809300918900144,
    "3": 0.03269781526688201,
    "4": 0.03725582887270083,
    "5": 0.05159814906070379,
    "6": 0.06277589613857336,
    "7": 0.07568945766590825,
    "8": 0.09218075753847789,
    "9": 0.11781846688145318
  },
  "selected_k": 7,
  "selected_method": "bandwidth_stability",
  "stability_threshold": 0.9
}