{
  "bandwidth_stability_scores": {
    "1": 0.9984118045035949,
    "10": 0.7480745445923935,
    "11": 0.6976038125317099,
    "12": 0.7885360418538147,
    "2": 0.9983609962071146,
    "3": 0.9993397430890806,
    "4": 0.9994414966030206,
    "5": 0.9980120811883649,
    "6": 0.998191288870628,
    "7": 0.9978539251005362,
    "8": 0.7968818762530714,
    "9": 0.778977213099189
  },
  "continuity": 0.27955555555555556,
  "geodesic_consistency": 0.7680260241711794,
  "k_bandwidth_stability": 7,
  "k_eigengap": 4,
  "k_oracle": 2,
  "known_noise_r": 0.02,
  "metadata": {
    "epsilon": 1.0,
    "epsilon_grid": [
      0.5,
      0.8,
      1.0,
      1.4,
      2.0
    ],
    "manifold": "torus",
    "method": "bandwidth_stability",
    "n_samples": 450,
    "seed": 11
  },
  "metrics_by_cutoff": {
    "bandwidth_stability": {
      "continuity": 0.27955555555555556,
      "geodesic_consistency": 0.7680260241711794,
      "trustworthiness": 0.9668671525380386
    },
    "eigengap": {
      "continuity": 0.27955555555555556,
      "geodesic_consistency": 0.7680260241711794,
      "trustworthiness": 0.9668671525380386
    },
    "oracle": {
      "continuity": 0.27955555555555556,
      "geodesic_consistency": 0.7680260241711794,
      "trustworthiness": 0.9668671525380386
    }
  },
  "oracle_subspace_distance_by_k": {
    "1": 0.047537563722662796,
    "10": 0.9986863543434781,
    "11": 0.16875379855866907,
    "12": 0.1839528899591296,
    "2": 0.01809300918900144,
    "3": 0.03269781526688201,
    "4": 0.03725582887270083,
    "5": 0.05159814906070379,
    "6": 0.06277589613857336,
    "7": 0.07568945766590825,
    "8": 0.09218075753847789,
    "9": 0.11781846688145318
  },
  "selected_k": 7,
  "trustworthiness": 0.9668671525380386
}