{
  "bandwidth_stability_k": 4,
  "eigengap_k": 2,
  "oracle_k": 1,
  "oracle_subspace_distance_by_k": {
    "1": 0.1779373332761621,
    "10": 2.130684025529525,
    "11": 2.267360993878915,
    "12": 2.4002402256173596,
    "2": 0.2505361761555771,
    "3": 0.4995221392942579,
    "4": 0.5581576444886981,
    "5": 0.7654557452866475,
    "6": 0.9194385429571776,
    "7": 1.3458474828897704,
    "8": 1.6720467620619885,
    "9": 1.9425783563243924
  },
  "selected_k": 4,
  "selected_method": "bandwidth_stability",
  "stability_threshold": 0.9
}