{
  "bandwidth_stability_k": 8,
  "eigengap_k": 4,
  "oracle_k": 1,
  "oracle_subspace_distance_by_k": {
    "1": 0.010954640303183693,
    "10": 0.1597637663025185,
    "11": 0.1428327484330351,
    "12": 0.35307488652895563,
    "2": 0.01650081005191461,
    "3": 0.026326162518600087,
    "4": 0.033557435127354866,
    "5": 0.046109410042092784,
    "6": 0.05571024323858666,
    "7": 0.0683985593271496,
    "8": 0.0835377105915148,
    "9": 0.34123903693550833
  },
  "selected_k": 8,
  "selected_method": "bandwidth_stability",
  "stability_threshold": 0.9
}