{
  "bandwidth_stability_scores": {
    "1": 0.9997368514405449,
    "10": 0.6783361957929193,
    "11": 0.7940109222084815,
    "12": 0.870830820275196,
    "2": 0.9997218333277296,
    "3": 0.9995890872269027,
    "4": 0.9992317683237992,
    "5": 0.9987834363842173,
    "6": 0.9987508035569678,
    "7": 0.9909396360254858,
    "8": 0.991511390977939,
    "9": 0.8328747755202833
  },
  "continuity": 0.29244444444444445,
  "geodesic_consistency": 0.7714675489197995,
  "k_bandwidth_stability": 8,
  "k_eigengap": 4,
  "k_oracle": 1,
  "known_noise_r": 0.02,
  "metadata": {
    "epsilon": 1.0,
    "epsilon_grid": [
      0.5,
      0.8,
      1.0,
      1.4,
      2.0
    ],
    "manifold": "torus",
    "method": "bandwidth_stability",
    "n_samples": 450,
    "seed": 22
  },
  "metrics_by_cutoff": {
    "bandwidth_stability": {
      "continuity": 0.29244444444444445,
      "geodesic_consistency": 0.7714675489197995,
      "trustworthiness": 0.9683943229766014
    },
    "eigengap": {
      "continuity": 0.29244444444444445,
      "geodesic_consistency": 0.7714675489197995,
      "trustworthiness": 0.9683943229766014
    },
    "oracle": {
      "continuity": 0.1615555555555556,
      "geodesic_consistency": 0.6865848633878385,
      "trustworthiness": 0.7557672931850147
    }
  },
  "oracle_subspace_distance_by_k": {
    "1": 0.010954640303183693,
    "10": 0.1597637663025185,
    "11": 0.1428327484330351,
    "12": 0.35307488652895563,
    "2": 0.01650081005191461,
    "3": 0.026326162518600087,
    "4": 0.033557435127354866,
    "5": 0.046109410042092784,
    "6": 0.05571024323858666,
    "7": 0.0683985593271496,
    "8": 0.0835377105915148,
    "9": 0.34123903693550833
  },
  "selected_k": 8,
  "trustworthiness": 0.9683943229766014
}