{
  "metadata": {
    "epsilon": 1.0,
    "epsilon_grid": [
      0.5,
      1.0,
      2.0,
      3.0
    ],
    "known_noise_r": 0.08,
    "manifold": "swiss_roll",
    "method": "bandwidth_stability",
    "n_samples": 400,
    "seed": 11
  },
  "stability": {
    "considered_max_k": 12,
    "epsilon_grid": [
      0.5,
      1.0,
      2.0,
      3.0
    ],
    "epsilon_pair_matrix": [
      [
        1.0,
        0.023124073172987095,
        9.834128760180106e-05,
        0.013055254452145018
      ],
      [
        0.023124073172987095,
        1.0,
        0.16332969242706857,
        0.06910272312085847
      ],
      [
        9.834128760180106e-05,
        0.16332969242706857,
        1.0,
        0.31617847370019764
      ],
      [
        0.013055254452145018,
        0.06910272312085847,
        0.31617847370019764,
        1.0
      ]
    ],
    "mode_scores": {
      "1": 0.16552613969193683,
      "10": 0.03796351641437439,
      "11": 0.0573816255140524,
      "12": 0.004315127941956577,
      "2": 0.16291003970251786,
      "3": 0.03901835863208308,
      "4": 0.27842627111131774,
      "5": 0.15321621015239867,
      "6": 0.13936882820218097,
      "7": 0.06538455971098514,
      "8": 0.01255796298615411,
      "9": 0.05370847626175949
    },
    "pairwise_bandwidth_scores": [
      0.16552613969193683,
      0.16291003970251786,
      0.03901835863208308,
      0.27842627111131774,
      0.15321621015239867,
      0.13936882820218097,
      0.06538455971098514,
      0.01255796298615411,
      0.05370847626175949,
      0.03796351641437439,
      0.0573816255140524,
      0.004315127941956577
    ],
    "selected_k": 1,
    "selection_rationale": "Choose largest k with average cross-bandwidth eigenvector stability above threshold.",
    "threshold": 0.9
  }
}