{
  "bandwidth_stability_scores": {
    "1": 0.16552613969193683,
    "10": 0.03796351641437439,
    "11": 0.0573816255140524,
    "12": 0.004315127941956577,
    "2": 0.16291003970251786,
    "3": 0.03901835863208308,
    "4": 0.27842627111131774,
    "5": 0.15321621015239867,
    "6": 0.13936882820218097,
    "7": 0.06538455971098514,
    "8": 0.01255796298615411,
    "9": 0.05370847626175949
  },
  "continuity": 0.17225000000000001,
  "geodesic_consistency": -1.9673593220854522,
  "k_bandwidth_stability": 1,
  "k_eigengap": 2,
  "known_noise_r": 0.08,
  "metadata": {
    "epsilon": 1.0,
    "epsilon_grid": [
      0.5,
      1.0,
      2.0,
      3.0
    ],
    "manifold": "swiss_roll",
    "method": "bandwidth_stability",
    "n_samples": 400,
    "seed": 11
  },
  "selected_k": 1,
  "trustworthiness": 0.7164830949284786
}