{
  "bandwidth_stability_k": 14,
  "eigengap_k": 3,
  "oracle_k": 1,
  "oracle_subspace_distance_by_k": {
    "1": 0.20071343128246794,
    "10": 1.4625708390121417,
    "11": 1.4064854082555227,
    "12": 1.5041951469730594,
    "13": 1.7238275662616975,
    "14": 1.7055059570237163,
    "2": 0.31837934948796515,
    "3": 0.36562133698924304,
    "4": 0.6848894384979175,
    "5": 0.753906990307516,
    "6": 0.85369998986018,
    "7": 0.9732643687200836,
    "8": 0.9157169410596532,
    "9": 1.0956405500190074
  },
  "selected_k": 3,
  "selected_method": "eigengap",
  "stability_threshold": 0.9
}