{
  "bandwidth_stability_scores": {
    "1": 0.9997715894932645,
    "10": 0.9885934724344536,
    "11": 0.8341641406748362,
    "12": 0.8469793141984192,
    "13": 0.9601218910691622,
    "14": 0.9957036504161081,
    "2": 0.9997661248188389,
    "3": 0.9998860096712777,
    "4": 0.9991814436971265,
    "5": 0.9992103091833093,
    "6": 0.9987269759800952,
    "7": 0.999419459679498,
    "8": 0.9990422102877323,
    "9": 0.9945571390061321
  },
  "continuity": 0.32222222222222224,
  "geodesic_consistency": 0.6986960741681968,
  "k_bandwidth_stability": 14,
  "k_eigengap": 3,
  "k_oracle": 1,
  "known_noise_r": 0.14,
  "metadata": {
    "epsilon": 1.0,
    "epsilon_grid": [
      0.85,
      1.0,
      1.15
    ],
    "manifold": "sphere",
    "method": "eigengap",
    "n_samples": 450,
    "seed": 8
  },
  "metrics_by_cutoff": {
    "bandwidth_stability": {
      "continuity": 0.32222222222222224,
      "geodesic_consistency": 0.6986960741681968,
      "trustworthiness": 0.8489610024293568
    },
    "eigengap": {
      "continuity": 0.32222222222222224,
      "geodesic_consistency": 0.6986960741681968,
      "trustworthiness": 0.8489610024293568
    },
    "oracle": {
      "continuity": 0.10333333333333335,
      "geodesic_consistency": 0.5985749604749988,
      "trustworthiness": 0.680487917146145
    }
  },
  "oracle_subspace_distance_by_k": {
    "1": 0.20071343128246794,
    "10": 1.4625708390121417,
    "11": 1.4064854082555227,
    "12": 1.5041951469730594,
    "13": 1.7238275662616975,
    "14": 1.7055059570237163,
    "2": 0.31837934948796515,
    "3": 0.36562133698924304,
    "4": 0.6848894384979175,
    "5": 0.753906990307516,
    "6": 0.85369998986018,
    "7": 0.9732643687200836,
    "8": 0.9157169410596532,
    "9": 1.0956405500190074
  },
  "selected_k": 3,
  "trustworthiness": 0.8489610024293568
}