{
  "bandwidth_stability_k": 1,
  "eigengap_k": 9,
  "oracle_k": 1,
  "oracle_subspace_distance_by_k": {
    "1": 0.9996587321875577,
    "10": 1.0781125425837825,
    "11": 1.0334233387145775,
    "12": 1.0358822025749614,
    "2": 1.0052212504009954,
    "3": 1.007746327842431,
    "4": 1.0116453663768583,
    "5": 1.021372624901251,
    "6": 1.032839344919785,
    "7": 1.070594925249182,
    "8": 1.0458875365020943,
    "9": 1.0241567419594617
  },
  "selected_k": 1,
  "selected_method": "bandwidth_stability",
  "stability_threshold": 0.9
}