{
  "bandwidth_stability_scores": {
    "1": 0.638342352696394,
    "10": 0.6545943129953965,
    "11": 0.8309116049272673,
    "12": 0.6418107328069605,
    "2": 0.345082768450312,
    "3": 0.3292704294531846,
    "4": 0.3819443343548048,
    "5": 0.5021771692187825,
    "6": 0.4542906743002859,
    "7": 0.6718076876751292,
    "8": 0.7121105484886602,
    "9": 0.7187607962150858
  },
  "continuity": 0.37324999999999997,
  "geodesic_consistency": -0.00940923973775837,
  "k_bandwidth_stability": 1,
  "k_eigengap": 9,
  "k_oracle": 1,
  "known_noise_r": 0.08,
  "metadata": {
    "epsilon": 1.2,
    "epsilon_grid": [
      0.6,
      1.2,
      2.4,
      3.0
    ],
    "manifold": "swiss_roll",
    "method": "bandwidth_stability",
    "n_samples": 400,
    "seed": 101
  },
  "metrics_by_cutoff": {
    "bandwidth_stability": {
      "continuity": 0.37324999999999997,
      "geodesic_consistency": -0.00940923973775837,
      "trustworthiness": 0.7818407022106633
    },
    "eigengap": {
      "continuity": 0.49925,
      "geodesic_consistency": -0.02049111364168203,
      "trustworthiness": 0.9273159947984395
    },
    "oracle": {
      "continuity": 0.37324999999999997,
      "geodesic_consistency": -0.00940923973775837,
      "trustworthiness": 0.7818407022106633
    }
  },
  "oracle_subspace_distance_by_k": {
    "1": 0.9996587321875577,
    "10": 1.0781125425837825,
    "11": 1.0334233387145775,
    "12": 1.0358822025749614,
    "2": 1.0052212504009954,
    "3": 1.007746327842431,
    "4": 1.0116453663768583,
    "5": 1.021372624901251,
    "6": 1.032839344919785,
    "7": 1.070594925249182,
    "8": 1.0458875365020943,
    "9": 1.0241567419594617
  },
  "selected_k": 1,
  "trustworthiness": 0.7818407022106633
}