{
  "bandwidth_stability_k": 13,
  "eigengap_k": 1,
  "oracle_k": 1,
  "oracle_subspace_distance_by_k": {
    "1": 0.07395245696611986,
    "10": 0.8211811087995387,
    "11": 0.9630051639626848,
    "12": 1.0104209633751906,
    "13": 1.057899740516828,
    "14": 1.1314611527094867,
    "15": 1.439866056868509,
    "2": 0.160216039390332,
    "3": 0.41049487734868867,
    "4": 0.41731681152310884,
    "5": 0.40574348042004094,
    "6": 0.4908155327741616,
    "7": 0.5427462312580177,
    "8": 0.6316704052793843,
    "9": 0.7351831545416404
  },
  "selected_k": 1,
  "selected_method": "eigengap",
  "stability_threshold": 0.9
}