{
  "bandwidth_stability_scores": {
    "1": 0.9998092905347545,
    "10": 0.9412019679047204,
    "11": 0.9182161161066373,
    "12": 0.9184258894193466,
    "13": 0.9809832700379776,
    "14": 0.749755159921145,
    "15": 0.6375596235223416,
    "2": 0.999315978582706,
    "3": 0.957409351101368,
    "4": 0.9516500287095528,
    "5": 0.9841958665268598,
    "6": 0.9545440759758739,
    "7": 0.9557698896247667,
    "8": 0.997406814379053,
    "9": 0.9873721795726028
  },
  "continuity": 0.1864,
  "geodesic_consistency": -0.0031762878134043884,
  "k_bandwidth_stability": 13,
  "k_eigengap": 1,
  "k_oracle": 1,
  "known_noise_r": 0.12,
  "metadata": {
    "epsilon": 1.2,
    "epsilon_grid": [
      0.8,
      1.2,
      1.6,
      2.4
    ],
    "manifold": "s_curve",
    "method": "eigengap",
    "n_samples": 500,
    "seed": 8
  },
  "metrics_by_cutoff": {
    "bandwidth_stability": {
      "continuity": 0.2494,
      "geodesic_consistency": 0.0016265007240211886,
      "trustworthiness": 0.9126782249742003
    },
    "eigengap": {
      "continuity": 0.1864,
      "geodesic_consistency": -0.0031762878134043884,
      "trustworthiness": 0.8858526315789473
    },
    "oracle": {
      "continuity": 0.1864,
      "geodesic_consistency": -0.0031762878134043884,
      "trustworthiness": 0.8858526315789473
    }
  },
  "oracle_subspace_distance_by_k": {
    "1": 0.07395245696611986,
    "10": 0.8211811087995387,
    "11": 0.9630051639626848,
    "12": 1.0104209633751906,
    "13": 1.057899740516828,
    "14": 1.1314611527094867,
    "15": 1.439866056868509,
    "2": 0.160216039390332,
    "3": 0.41049487734868867,
    "4": 0.41731681152310884,
    "5": 0.40574348042004094,
    "6": 0.4908155327741616,
    "7": 0.5427462312580177,
    "8": 0.6316704052793843,
    "9": 0.7351831545416404
  },
  "selected_k": 1,
  "trustworthiness": 0.8858526315789473
}