{
  "bandwidth_stability_k": 11,
  "eigengap_k": 4,
  "oracle_k": 2,
  "oracle_subspace_distance_by_k": {
    "1": 0.11426166945500552,
    "10": 0.47197949202122325,
    "11": 0.5342750135111215,
    "12": 0.568694396867183,
    "2": 0.06842669552601092,
    "3": 0.1534222989092156,
    "4": 0.14040597582625564,
    "5": 0.17672701809144736,
    "6": 0.2126089152482669,
    "7": 0.2563501553404052,
    "8": 0.3214667155486546,
    "9": 0.6551555727531682
  },
  "selected_k": 11,
  "selected_method": "bandwidth_stability",
  "stability_threshold": 0.9
}