{
  "bandwidth_stability_scores": {
    "1": 0.9978148655279616,
    "10": 0.786879043211114,
    "11": 0.9276419496747133,
    "12": 0.7962146649112434,
    "2": 0.9977109342731304,
    "3": 0.9989755809855292,
    "4": 0.9994387793666637,
    "5": 0.9984635850827799,
    "6": 0.9982165741433447,
    "7": 0.9973787895428412,
    "8": 0.931568576897368,
    "9": 0.8336540271122311
  },
  "continuity": 0.2964444444444444,
  "geodesic_consistency": 0.8097942469164207,
  "k_bandwidth_stability": 11,
  "k_eigengap": 4,
  "k_oracle": 2,
  "known_noise_r": 0.08,
  "metadata": {
    "epsilon": 1.0,
    "epsilon_grid": [
      0.5,
      0.8,
      1.0,
      1.4,
      2.0
    ],
    "manifold": "torus",
    "method": "bandwidth_stability",
    "n_samples": 450,
    "seed": 33
  },
  "metrics_by_cutoff": {
    "bandwidth_stability": {
      "continuity": 0.2964444444444444,
      "geodesic_consistency": 0.8097942469164207,
      "trustworthiness": 0.9663756552870477
    },
    "eigengap": {
      "continuity": 0.2964444444444444,
      "geodesic_consistency": 0.8097942469164207,
      "trustworthiness": 0.9663756552870477
    },
    "oracle": {
      "continuity": 0.2964444444444444,
      "geodesic_consistency": 0.8097942469164207,
      "trustworthiness": 0.9663756552870477
    }
  },
  "oracle_subspace_distance_by_k": {
    "1": 0.11426166945500552,
    "10": 0.47197949202122325,
    "11": 0.5342750135111215,
    "12": 0.568694396867183,
    "2": 0.06842669552601092,
    "3": 0.1534222989092156,
    "4": 0.14040597582625564,
    "5": 0.17672701809144736,
    "6": 0.2126089152482669,
    "7": 0.2563501553404052,
    "8": 0.3214667155486546,
    "9": 0.6551555727531682
  },
  "selected_k": 11,
  "trustworthiness": 0.9663756552870477
}