{
  "bandwidth_stability_k": 6,
  "eigengap_k": 2,
  "k_r_based": 8,
  "oracle_k": 1,
  "oracle_subspace_distance_by_k": {
    "1": 0.12721794578542778,
    "10": 1.7415434527916063,
    "11": 2.000235090262037,
    "12": 2.231371455796131,
    "2": 0.18110552200718127,
    "3": 0.3504281897505866,
    "4": 0.4178311388899543,
    "5": 0.7402372803986199,
    "6": 0.7000816822309235,
    "7": 1.219499091239103,
    "8": 1.3728539564486284,
    "9": 1.5274299776894296
  },
  "r_estimated_simple": 0.042553762256227166,
  "r_estimated_twoscale": 0.02650141373103322,
  "selected_k": 8,
  "selected_method": "r_based",
  "stability_threshold": 0.9
}