{
  "bandwidth_stability_scores": {
    "1": 0.9995474844332508,
    "10": 0.542721274960319,
    "11": 0.5503812727312815,
    "12": 0.5158855055498042,
    "2": 0.9995969565426287,
    "3": 0.9992738176004268,
    "4": 0.9992430428303285,
    "5": 0.9992119239888737,
    "6": 0.9972138771349932,
    "7": 0.7461356272883557,
    "8": 0.6456366916836411,
    "9": 0.45085343690486046
  },
  "continuity": 0.5006666666666667,
  "geodesic_consistency": 0.7650923684002925,
  "k_bandwidth_stability": 6,
  "k_eigengap": 2,
  "k_oracle": 1,
  "k_r_based": 8,
  "known_noise_r": 0.12,
  "metadata": {
    "epsilon": 1.0,
    "epsilon_grid": [
      0.5,
      0.8,
      1.0,
      1.4,
      2.0
    ],
    "manifold": "circle",
    "method": "r_based",
    "n_samples": 450,
    "seed": 22
  },
  "metrics_by_cutoff": {
    "bandwidth_stability": {
      "continuity": 0.5006666666666667,
      "geodesic_consistency": 0.7650923684002925,
      "trustworthiness": 0.9874537782892213
    },
    "eigengap": {
      "continuity": 0.5006666666666667,
      "geodesic_consistency": 0.7650923684002925,
      "trustworthiness": 0.9874537782892213
    },
    "oracle": {
      "continuity": 0.19577777777777783,
      "geodesic_consistency": 0.6428173815998581,
      "trustworthiness": 0.7619874696330392
    },
    "r_based": {
      "continuity": 0.5006666666666667,
      "geodesic_consistency": 0.7650923684002925,
      "trustworthiness": 0.9874537782892213
    }
  },
  "oracle_subspace_distance_by_k": {
    "1": 0.12721794578542778,
    "10": 1.7415434527916063,
    "11": 2.000235090262037,
    "12": 2.231371455796131,
    "2": 0.18110552200718127,
    "3": 0.3504281897505866,
    "4": 0.4178311388899543,
    "5": 0.7402372803986199,
    "6": 0.7000816822309235,
    "7": 1.219499091239103,
    "8": 1.3728539564486284,
    "9": 1.5274299776894296
  },
  "r_estimated_simple": 0.042553762256227166,
  "r_estimated_twoscale": 0.02650141373103322,
  "selected_k": 8,
  "trustworthiness": 0.9874537782892213
}