{
  "metadata": {
    "epsilon": 1.0,
    "epsilon_grid": [
      0.5,
      1.0,
      2.0,
      3.0
    ],
    "known_noise_r": 0.08,
    "manifold": "swiss_roll",
    "method": "bandwidth_stability",
    "n_samples": 400,
    "seed": 22
  },
  "stability": {
    "considered_max_k": 12,
    "epsilon_grid": [
      0.5,
      1.0,
      2.0,
      3.0
    ],
    "epsilon_pair_matrix": [
      [
        1.0,
        0.08343203301992068,
        0.14577814514657184,
        0.03222053144156662
      ],
      [
        0.08343203301992068,
        1.0,
        0.03512216252386633,
        0.0698522544579393
      ],
      [
        0.14577814514657184,
        0.03512216252386633,
        1.0,
        0.29409848125232724
      ],
      [
        0.03222053144156662,
        0.0698522544579393,
        0.29409848125232724,
        1.0
      ]
    ],
    "mode_scores": {
      "1": 0.15950842688022926,
      "10": 0.11389921843080951,
      "11": 0.08577036747197582,
      "12": 0.10567975105255446,
      "2": 0.06811320627146455,
      "3": 0.08335507338614401,
      "4": 0.28660726421153404,
      "5": 0.08611024742323219,
      "6": 0.12761670243671452,
      "7": 0.17614811573254738,
      "8": 0.0024366803769269862,
      "9": 0.025762162010251322
    },
    "pairwise_bandwidth_scores": [
      0.15950842688022926,
      0.06811320627146455,
      0.08335507338614401,
      0.28660726421153404,
      0.08611024742323219,
      0.12761670243671452,
      0.17614811573254738,
      0.0024366803769269862,
      0.025762162010251322,
      0.11389921843080951,
      0.08577036747197582,
      0.10567975105255446
    ],
    "selected_k": 1,
    "selection_rationale": "Choose largest k with average cross-bandwidth eigenvector stability above threshold.",
    "threshold": 0.9
  }
}