{
  "bandwidth_stability_scores": {
    "1": 0.15950842688022926,
    "10": 0.11389921843080951,
    "11": 0.08577036747197582,
    "12": 0.10567975105255446,
    "2": 0.06811320627146455,
    "3": 0.08335507338614401,
    "4": 0.28660726421153404,
    "5": 0.08611024742323219,
    "6": 0.12761670243671452,
    "7": 0.17614811573254738,
    "8": 0.0024366803769269862,
    "9": 0.025762162010251322
  },
  "continuity": 0.153,
  "geodesic_consistency": -1.9588054107869457,
  "k_bandwidth_stability": 1,
  "k_eigengap": 1,
  "known_noise_r": 0.08,
  "metadata": {
    "epsilon": 1.0,
    "epsilon_grid": [
      0.5,
      1.0,
      2.0,
      3.0
    ],
    "manifold": "swiss_roll",
    "method": "bandwidth_stability",
    "n_samples": 400,
    "seed": 22
  },
  "selected_k": 1,
  "trustworthiness": 0.6732912873862158
}