{
  "bandwidth_stability_scores": {
    "1": 0.9998325243593704,
    "10": 0.4914320878087963,
    "11": 0.5382432405506832,
    "12": 0.6485074576991241,
    "2": 0.9998171303845114,
    "3": 0.9997482957058489,
    "4": 0.9997168292624521,
    "5": 0.9991322700532572,
    "6": 0.9992450129497398,
    "7": 0.7449210827708479,
    "8": 0.7527486190499584,
    "9": 0.35818834978422315
  },
  "continuity": 0.5811111111111111,
  "geodesic_consistency": 0.7479423737818036,
  "k_bandwidth_stability": 6,
  "k_eigengap": 2,
  "k_oracle": 2,
  "k_r_based": 2,
  "known_noise_r": 0.08,
  "metadata": {
    "epsilon": 1.0,
    "epsilon_grid": [
      0.5,
      0.8,
      1.0,
      1.4,
      2.0
    ],
    "manifold": "circle",
    "method": "r_based",
    "n_samples": 450,
    "seed": 11
  },
  "metrics_by_cutoff": {
    "bandwidth_stability": {
      "continuity": 0.5811111111111111,
      "geodesic_consistency": 0.7479423737818036,
      "trustworthiness": 0.9924531389847846
    },
    "eigengap": {
      "continuity": 0.5811111111111111,
      "geodesic_consistency": 0.7479423737818036,
      "trustworthiness": 0.9924531389847846
    },
    "oracle": {
      "continuity": 0.5811111111111111,
      "geodesic_consistency": 0.7479423737818036,
      "trustworthiness": 0.9924531389847846
    },
    "r_based": {
      "continuity": 0.5811111111111111,
      "geodesic_consistency": 0.7479423737818036,
      "trustworthiness": 0.9924531389847846
    }
  },
  "oracle_subspace_distance_by_k": {
    "1": 0.28879752726196545,
    "10": 1.5778871269019497,
    "11": 1.8647027665364662,
    "12": 2.10286250324967,
    "2": 0.12307758774500469,
    "3": 0.32160603450722397,
    "4": 0.2852796633221289,
    "5": 0.47643147997968016,
    "6": 0.48456526073914574,
    "7": 0.6546228228169603,
    "8": 0.7294866358727371,
    "9": 1.2318330934637272
  },
  "r_estimated_simple": 0.03343078927600745,
  "r_estimated_twoscale": 0.018642373513281747,
  "selected_k": 2,
  "trustworthiness": 0.9924531389847846
}