{
  "bandwidth_stability_k": 10,
  "eigengap_k": 3,
  "oracle_k": 3,
  "oracle_subspace_distance_by_k": {
    "1": 0.2929511290114272,
    "10": 0.781295395423139,
    "11": 0.8340490241272343,
    "12": 0.8831425009274226,
    "2": 0.3297316438591932,
    "3": 0.21670799232528068,
    "4": 0.35992429072991394,
    "5": 0.4407182189704887,
    "6": 0.4855144746865289,
    "7": 0.5203502799214988,
    "8": 0.5448808470911026,
    "9": 0.6729848889755821
  },
  "selected_k": 10,
  "selected_method": "bandwidth_stability",
  "stability_threshold": 0.9
}