{
  "bandwidth_stability_k": 8,
  "eigengap_k": 3,
  "oracle_k": 2,
  "oracle_subspace_distance_by_k": {
    "1": 0.45803386272393426,
    "10": 1.4374723702224161,
    "11": 1.548008913706684,
    "12": 1.6786474348671452,
    "13": 1.702705363717818,
    "14": 1.6525477687935521,
    "2": 0.3025011219751891,
    "3": 0.3724549610679862,
    "4": 0.5069289522764183,
    "5": 0.6454571511919084,
    "6": 0.7792229944659064,
    "7": 0.9011092089225192,
    "8": 0.9187129237542687,
    "9": 1.2531836850369973
  },
  "selected_k": 8,
  "selected_method": "bandwidth_stability",
  "stability_threshold": 0.9
}