{
  "bandwidth_stability_scores": {
    "1": 0.9998345513471566,
    "10": 0.8036328038417621,
    "11": 0.7233059192716698,
    "12": 0.8174564060759131,
    "13": 0.6191413618262782,
    "14": 0.6859964604798111,
    "2": 0.9997835506781774,
    "3": 0.9998088088889864,
    "4": 0.9988528922331728,
    "5": 0.9785932798493888,
    "6": 0.978215204006838,
    "7": 0.9990518952770604,
    "8": 0.9993656888721066,
    "9": 0.8498662757136357
  },
  "continuity": 0.31733333333333336,
  "geodesic_consistency": 0.5637391134303634,
  "k_bandwidth_stability": 8,
  "k_eigengap": 3,
  "k_oracle": 2,
  "known_noise_r": 0.14,
  "metadata": {
    "epsilon": 1.0,
    "epsilon_grid": [
      0.6,
      0.8,
      1.0,
      1.3,
      1.7,
      2.2
    ],
    "manifold": "sphere",
    "method": "bandwidth_stability",
    "n_samples": 450,
    "seed": 9
  },
  "metrics_by_cutoff": {
    "bandwidth_stability": {
      "continuity": 0.31733333333333336,
      "geodesic_consistency": 0.5637391134303634,
      "trustworthiness": 0.8560393811533051
    },
    "eigengap": {
      "continuity": 0.31733333333333336,
      "geodesic_consistency": 0.5637391134303634,
      "trustworthiness": 0.8560393811533051
    },
    "oracle": {
      "continuity": 0.31733333333333336,
      "geodesic_consistency": 0.5637391134303634,
      "trustworthiness": 0.8560393811533051
    }
  },
  "oracle_subspace_distance_by_k": {
    "1": 0.45803386272393426,
    "10": 1.4374723702224161,
    "11": 1.548008913706684,
    "12": 1.6786474348671452,
    "13": 1.702705363717818,
    "14": 1.6525477687935521,
    "2": 0.3025011219751891,
    "3": 0.3724549610679862,
    "4": 0.5069289522764183,
    "5": 0.6454571511919084,
    "6": 0.7792229944659064,
    "7": 0.9011092089225192,
    "8": 0.9187129237542687,
    "9": 1.2531836850369973
  },
  "selected_k": 8,
  "trustworthiness": 0.8560393811533051
}