{
  "bandwidth_stability_k": 12,
  "eigengap_k": 3,
  "oracle_k": 1,
  "oracle_subspace_distance_by_k": {
    "1": 0.11509302548147465,
    "10": 1.1523361565502244,
    "11": 0.7936334602092245,
    "12": 0.818287921032557,
    "2": 0.1622678596469725,
    "3": 0.2019919350707517,
    "4": 0.31292673702716456,
    "5": 0.35854078166395636,
    "6": 0.7144744979999661,
    "7": 0.4725018498410179,
    "8": 0.518163305963648,
    "9": 0.6060382594050159
  },
  "selected_k": 12,
  "selected_method": "bandwidth_stability",
  "stability_threshold": 0.9
}