{
  "bandwidth_stability_k": 1,
  "eigengap_k": 12,
  "estimated_intrinsic_dim_clean": 1.9739307212604928,
  "estimated_intrinsic_dim_noisy": 2.1510645779581608,
  "k_intrinsic_dim": 3,
  "oracle_k": 1,
  "oracle_subspace_distance_by_k": {
    "1": 0.16302920732365278,
    "10": 0.45388879858544934,
    "11": 0.453518442995384,
    "12": 0.4075238517124714,
    "2": 0.34230671223690473,
    "3": 1.0414767102540525,
    "4": 0.6081770878503243,
    "5": 0.674227384970676,
    "6": 0.5543748772776401,
    "7": 1.0560334958990696,
    "8": 1.0624038225911356,
    "9": 0.42464754209179045
  },
  "selected_k": 1,
  "selected_method": "bandwidth_stability",
  "stability_threshold": 0.9
}