{
  "bandwidth_stability_k": 1,
  "eigengap_k": 12,
  "k_r_based": 1,
  "oracle_k": 1,
  "oracle_subspace_distance_by_k": {
    "1": 0.8238463176649949,
    "10": 0.8996851805239544,
    "11": 0.9231258986686051,
    "12": 0.8852623880195644,
    "2": 0.8524318832374257,
    "3": 0.8430357733813919,
    "4": 0.843682786081608,
    "5": 0.8452288309692878,
    "6": 0.9333519488695139,
    "7": 0.8468451681016802,
    "8": 0.8652516641758538,
    "9": 0.8828073221865775
  },
  "r_estimated_simple": 0.2129216832427495,
  "r_estimated_twoscale": 0.13678570287860192,
  "selected_k": 1,
  "selected_method": "r_based",
  "stability_threshold": 0.9
}