{
  "bandwidth_stability_scores": {
    "1": 0.1479482697654485,
    "10": 0.6954215311840309,
    "11": 0.5470985600850237,
    "12": 0.7145833122985755,
    "2": 0.7025759990405479,
    "3": 0.4595957352638405,
    "4": 0.3006123039522081,
    "5": 0.42127858596101037,
    "6": 0.7925612939750684,
    "7": 0.6831017979377846,
    "8": 0.5617390456088326,
    "9": 0.6672033196888386
  },
  "continuity": 0.57875,
  "geodesic_consistency": -0.012569371673870317,
  "k_bandwidth_stability": 1,
  "k_eigengap": 12,
  "k_oracle": 1,
  "k_r_based": 1,
  "known_noise_r": 0.08,
  "metadata": {
    "epsilon": 1.0,
    "epsilon_grid": [
      0.5,
      1.0,
      2.0,
      3.0
    ],
    "manifold": "swiss_roll",
    "method": "r_based",
    "n_samples": 400,
    "seed": 22
  },
  "metrics_by_cutoff": {
    "bandwidth_stability": {
      "continuity": 0.57875,
      "geodesic_consistency": -0.012569371673870317,
      "trustworthiness": 0.9221644993498049
    },
    "eigengap": {
      "continuity": 0.568,
      "geodesic_consistency": -0.00843434001656884,
      "trustworthiness": 0.9242867360208062
    },
    "oracle": {
      "continuity": 0.57875,
      "geodesic_consistency": -0.012569371673870317,
      "trustworthiness": 0.9221644993498049
    },
    "r_based": {
      "continuity": 0.57875,
      "geodesic_consistency": -0.012569371673870317,
      "trustworthiness": 0.9221644993498049
    }
  },
  "oracle_subspace_distance_by_k": {
    "1": 0.8238463176649949,
    "10": 0.8996851805239544,
    "11": 0.9231258986686051,
    "12": 0.8852623880195644,
    "2": 0.8524318832374257,
    "3": 0.8430357733813919,
    "4": 0.843682786081608,
    "5": 0.8452288309692878,
    "6": 0.9333519488695139,
    "7": 0.8468451681016802,
    "8": 0.8652516641758538,
    "9": 0.8828073221865775
  },
  "r_estimated_simple": 0.2129216832427495,
  "r_estimated_twoscale": 0.13678570287860192,
  "selected_k": 1,
  "trustworthiness": 0.9221644993498049
}