{
  "bandwidth_stability_k": 12,
  "eigengap_k": 3,
  "k_r_based": 6,
  "oracle_k": 1,
  "oracle_subspace_distance_by_k": {
    "1": 0.07587801989143513,
    "10": 0.499581547772048,
    "11": 0.5567725918810897,
    "12": 0.6163985020628878,
    "2": 0.10565120850461228,
    "3": 0.12987913397920406,
    "4": 0.22627966684093,
    "5": 0.2760127452532859,
    "6": 0.2848186236163324,
    "7": 0.29397015966226414,
    "8": 0.32544848421357475,
    "9": 0.5233921879183873
  },
  "r_estimated_simple": 0.05293733742071542,
  "r_estimated_twoscale": 0.02836020789286179,
  "selected_k": 6,
  "selected_method": "r_based",
  "stability_threshold": 0.9
}