{
  "bandwidth_stability_scores": {
    "1": 0.9997281170215908,
    "10": 0.9940729243735003,
    "11": 0.9940032414983564,
    "12": 0.9961347788476064,
    "2": 0.9997181023719997,
    "3": 0.9997378104857308,
    "4": 0.9973526218473929,
    "5": 0.9946017722685958,
    "6": 0.9956702251886433,
    "7": 0.9980338496898472,
    "8": 0.9992066724181476,
    "9": 0.9928023247746525
  },
  "continuity": 0.42422222222222217,
  "geodesic_consistency": 0.3581421210971423,
  "k_bandwidth_stability": 12,
  "k_eigengap": 3,
  "k_oracle": 1,
  "k_r_based": 6,
  "known_noise_r": 0.05,
  "metadata": {
    "epsilon": 1.0,
    "epsilon_grid": [
      0.5,
      0.8,
      1.0,
      1.4,
      2.0
    ],
    "manifold": "sphere",
    "method": "r_based",
    "n_samples": 450,
    "seed": 33
  },
  "metrics_by_cutoff": {
    "bandwidth_stability": {
      "continuity": 0.42422222222222217,
      "geodesic_consistency": 0.3581421210971423,
      "trustworthiness": 0.8546635980053702
    },
    "eigengap": {
      "continuity": 0.42422222222222217,
      "geodesic_consistency": 0.3581421210971423,
      "trustworthiness": 0.8546635980053702
    },
    "oracle": {
      "continuity": 0.1295555555555556,
      "geodesic_consistency": 0.024029319687477534,
      "trustworthiness": 0.693003963687508
    },
    "r_based": {
      "continuity": 0.42422222222222217,
      "geodesic_consistency": 0.3581421210971423,
      "trustworthiness": 0.8546635980053702
    }
  },
  "oracle_subspace_distance_by_k": {
    "1": 0.07587801989143513,
    "10": 0.499581547772048,
    "11": 0.5567725918810897,
    "12": 0.6163985020628878,
    "2": 0.10565120850461228,
    "3": 0.12987913397920406,
    "4": 0.22627966684093,
    "5": 0.2760127452532859,
    "6": 0.2848186236163324,
    "7": 0.29397015966226414,
    "8": 0.32544848421357475,
    "9": 0.5233921879183873
  },
  "r_estimated_simple": 0.05293733742071542,
  "r_estimated_twoscale": 0.02836020789286179,
  "selected_k": 6,
  "trustworthiness": 0.8546635980053702
}