{
  "bandwidth_stability_scores": {
    "1": 0.9983097447985374,
    "10": 0.7469154088903348,
    "11": 0.7196315586978635,
    "12": 0.7210482567060642,
    "2": 0.9983379683235326,
    "3": 0.9994308695129104,
    "4": 0.9985346427197672,
    "5": 0.9975879931838544,
    "6": 0.9972527361859689,
    "7": 0.9960065022071412,
    "8": 0.9974799566162262,
    "9": 0.8471016106515539
  },
  "continuity": 0.32933333333333337,
  "geodesic_consistency": 0.44186953652207417,
  "k_bandwidth_stability": 8,
  "k_eigengap": 3,
  "k_oracle": 3,
  "known_noise_r": 0.16,
  "metadata": {
    "epsilon": 1.0,
    "epsilon_grid": [
      0.5,
      0.8,
      1.0,
      1.4,
      2.0
    ],
    "manifold": "sphere",
    "method": "bandwidth_stability",
    "n_samples": 450,
    "seed": 11
  },
  "metrics_by_cutoff": {
    "bandwidth_stability": {
      "continuity": 0.32933333333333337,
      "geodesic_consistency": 0.44186953652207417,
      "trustworthiness": 0.8501495972382048
    },
    "eigengap": {
      "continuity": 0.32933333333333337,
      "geodesic_consistency": 0.44186953652207417,
      "trustworthiness": 0.8501495972382048
    },
    "oracle": {
      "continuity": 0.32933333333333337,
      "geodesic_consistency": 0.44186953652207417,
      "trustworthiness": 0.8501495972382048
    }
  },
  "oracle_subspace_distance_by_k": {
    "1": 0.4643588233820828,
    "10": 1.399039760497212,
    "11": 1.6890491595445487,
    "12": 1.646382516060987,
    "2": 0.5070244290129469,
    "3": 0.4246490750419502,
    "4": 0.6691312374986004,
    "5": 0.8486363829201278,
    "6": 0.9784138713763144,
    "7": 1.1165082427404518,
    "8": 1.0414610187177615,
    "9": 1.2531368420226645
  },
  "selected_k": 8,
  "trustworthiness": 0.8501495972382048
}