{
  "bandwidth_stability_k": 1,
  "eigengap_k": 9,
  "oracle_k": 1,
  "oracle_subspace_distance_by_k": {
    "1": 0.3953413851766015,
    "10": 1.1129891273231884,
    "11": 1.116851566335084,
    "12": 0.618460124962966,
    "2": 1.0753113245622603,
    "3": 0.4767528477096758,
    "4": 0.47784076542536763,
    "5": 0.5122125719095225,
    "6": 0.6285641880114865,
    "7": 1.0896676717066747,
    "8": 0.5407844971975163,
    "9": 0.5312706045396114
  },
  "selected_k": 1,
  "selected_method": "bandwidth_stability",
  "stability_threshold": 0.9
}