{
  "bandwidth_stability_scores": {
    "1": 0.4545965108253922,
    "10": 0.4021124733387622,
    "11": 0.490745400655919,
    "12": 0.47965706095650057,
    "2": 0.32301697661691114,
    "3": 2.682551629202923e-05,
    "4": 0.5045325251947943,
    "5": 0.4907645757883264,
    "6": 0.4290298110388379,
    "7": 0.39256729092759135,
    "8": 0.2855701486455611,
    "9": 0.37811599542028185
  },
  "continuity": 0.6642500000000001,
  "geodesic_consistency": -0.013834157361599797,
  "k_bandwidth_stability": 1,
  "k_eigengap": 9,
  "k_oracle": 1,
  "known_noise_r": 0.08,
  "metadata": {
    "epsilon": 0.8,
    "epsilon_grid": [
      0.5,
      0.8,
      1.1
    ],
    "manifold": "swiss_roll",
    "method": "bandwidth_stability",
    "n_samples": 400,
    "seed": 101
  },
  "metrics_by_cutoff": {
    "bandwidth_stability": {
      "continuity": 0.6642500000000001,
      "geodesic_consistency": -0.013834157361599797,
      "trustworthiness": 0.9897503250975292
    },
    "eigengap": {
      "continuity": 0.50075,
      "geodesic_consistency": -0.023343604919152307,
      "trustworthiness": 0.9149343302990898
    },
    "oracle": {
      "continuity": 0.6642500000000001,
      "geodesic_consistency": -0.013834157361599797,
      "trustworthiness": 0.9897503250975292
    }
  },
  "oracle_subspace_distance_by_k": {
    "1": 0.3953413851766015,
    "10": 1.1129891273231884,
    "11": 1.116851566335084,
    "12": 0.618460124962966,
    "2": 1.0753113245622603,
    "3": 0.4767528477096758,
    "4": 0.47784076542536763,
    "5": 0.5122125719095225,
    "6": 0.6285641880114865,
    "7": 1.0896676717066747,
    "8": 0.5407844971975163,
    "9": 0.5312706045396114
  },
  "selected_k": 1,
  "trustworthiness": 0.9897503250975292
}