{
  "bandwidth_stability_scores": {
    "1": 0.4150938369263259,
    "10": 0.3693300815364924,
    "11": 0.35715151191473904,
    "12": 0.8281464414808353,
    "2": 0.3559063925202013,
    "3": 0.4331260631419626,
    "4": 0.746551385230346,
    "5": 0.5097462428410685,
    "6": 0.5128071533835191,
    "7": 0.6443750096399466,
    "8": 0.6123952444024132,
    "9": 0.6016211709031317
  },
  "continuity": 0.472,
  "geodesic_consistency": -0.017152202271159794,
  "k_bandwidth_stability": 1,
  "k_eigengap": 12,
  "k_oracle": 1,
  "k_r_based": 1,
  "known_noise_r": 0.16,
  "metadata": {
    "epsilon": 1.0,
    "epsilon_grid": [
      0.5,
      1.0,
      2.0,
      3.0
    ],
    "manifold": "swiss_roll",
    "method": "r_based",
    "n_samples": 400,
    "seed": 11
  },
  "metrics_by_cutoff": {
    "bandwidth_stability": {
      "continuity": 0.472,
      "geodesic_consistency": -0.017152202271159794,
      "trustworthiness": 0.8308667100130039
    },
    "eigengap": {
      "continuity": 0.56175,
      "geodesic_consistency": -0.01883768223265757,
      "trustworthiness": 0.9603192457737322
    },
    "oracle": {
      "continuity": 0.472,
      "geodesic_consistency": -0.017152202271159794,
      "trustworthiness": 0.8308667100130039
    },
    "r_based": {
      "continuity": 0.472,
      "geodesic_consistency": -0.017152202271159794,
      "trustworthiness": 0.8308667100130039
    }
  },
  "oracle_subspace_distance_by_k": {
    "1": 0.16302920732365278,
    "10": 0.45388879858544934,
    "11": 0.453518442995384,
    "12": 0.4075238517124714,
    "2": 0.34230671223690473,
    "3": 1.0414767102540525,
    "4": 0.6081770878503243,
    "5": 0.674227384970676,
    "6": 0.5543748772776401,
    "7": 1.0560334958990696,
    "8": 1.0624038225911356,
    "9": 0.42464754209179045
  },
  "r_estimated_simple": 0.2314083792528297,
  "r_estimated_twoscale": 0.07319300285150003,
  "selected_k": 1,
  "trustworthiness": 0.8308667100130039
}