{
  "bandwidth_stability_k": 13,
  "eigengap_k": 1,
  "oracle_k": 1,
  "oracle_subspace_distance_by_k": {
    "1": 0.0750232375513557,
    "10": 0.9145009506754755,
    "11": 0.8712496974528102,
    "12": 1.0017918716514354,
    "13": 1.0706751902688059,
    "14": 1.1072498250733074,
    "15": 1.235924602284311,
    "2": 0.1570058665017829,
    "3": 0.25973677607184353,
    "4": 0.3462716841748259,
    "5": 0.39251916144557714,
    "6": 0.44289560381644294,
    "7": 0.5154349729453886,
    "8": 0.6099705641321949,
    "9": 0.6781997072636282
  },
  "selected_k": 1,
  "selected_method": "eigengap",
  "stability_threshold": 0.9
}