{
  "bandwidth_stability_scores": {
    "1": 0.9998572109988068,
    "10": 0.8375365951956814,
    "11": 0.6667503125885732,
    "12": 0.7470377672985019,
    "13": 0.9107549281675736,
    "14": 0.847586959951117,
    "15": 0.6674060085925602,
    "2": 0.9992705191438578,
    "3": 0.994630079567488,
    "4": 0.994634926670965,
    "5": 0.9973242926629559,
    "6": 0.9549277417450175,
    "7": 0.9534163720006421,
    "8": 0.9931859767599355,
    "9": 0.9916745203154204
  },
  "continuity": 0.17860000000000004,
  "geodesic_consistency": 0.0009798925659578199,
  "k_bandwidth_stability": 13,
  "k_eigengap": 1,
  "k_oracle": 1,
  "known_noise_r": 0.12,
  "metadata": {
    "epsilon": 1.2,
    "epsilon_grid": [
      0.8,
      1.2,
      1.6,
      2.4
    ],
    "manifold": "s_curve",
    "method": "eigengap",
    "n_samples": 500,
    "seed": 7
  },
  "metrics_by_cutoff": {
    "bandwidth_stability": {
      "continuity": 0.2506,
      "geodesic_consistency": -0.010313714851691962,
      "trustworthiness": 0.9078468524251806
    },
    "eigengap": {
      "continuity": 0.17860000000000004,
      "geodesic_consistency": 0.0009798925659578199,
      "trustworthiness": 0.8783830753353973
    },
    "oracle": {
      "continuity": 0.17860000000000004,
      "geodesic_consistency": 0.0009798925659578199,
      "trustworthiness": 0.8783830753353973
    }
  },
  "oracle_subspace_distance_by_k": {
    "1": 0.0750232375513557,
    "10": 0.9145009506754755,
    "11": 0.8712496974528102,
    "12": 1.0017918716514354,
    "13": 1.0706751902688059,
    "14": 1.1072498250733074,
    "15": 1.235924602284311,
    "2": 0.1570058665017829,
    "3": 0.25973677607184353,
    "4": 0.3462716841748259,
    "5": 0.39251916144557714,
    "6": 0.44289560381644294,
    "7": 0.5154349729453886,
    "8": 0.6099705641321949,
    "9": 0.6781997072636282
  },
  "selected_k": 1,
  "trustworthiness": 0.8783830753353973
}