{
  "bandwidth_stability_k": 12,
  "eigengap_k": 3,
  "k_r_based": 6,
  "oracle_k": 1,
  "oracle_subspace_distance_by_k": {
    "1": 0.07181944813764586,
    "10": 1.0381668311785084,
    "11": 0.520245429802157,
    "12": 0.514687230316992,
    "2": 0.10168420136045127,
    "3": 0.12667743436313705,
    "4": 0.20204332769696,
    "5": 0.22727442221433825,
    "6": 0.5149517184687875,
    "7": 0.2966676183783536,
    "8": 0.3261466972819004,
    "9": 0.38436374971235665
  },
  "r_estimated_simple": 0.05241208784060997,
  "r_estimated_twoscale": 0.0305168532030625,
  "selected_k": 6,
  "selected_method": "r_based",
  "stability_threshold": 0.9
}