{
  "bandwidth_stability_scores": {
    "1": 0.9988105830408118,
    "10": 0.9725017395965914,
    "11": 0.9734312287369979,
    "12": 0.9967046011439236,
    "2": 0.9988264307149185,
    "3": 0.999816361485023,
    "4": 0.9995783038459799,
    "5": 0.9990649112639427,
    "6": 0.9980138580420888,
    "7": 0.9975018070885413,
    "8": 0.9970606303084777,
    "9": 0.9964411976664047
  },
  "continuity": 0.4266666666666667,
  "geodesic_consistency": 0.47381682322697993,
  "k_bandwidth_stability": 12,
  "k_eigengap": 3,
  "k_oracle": 1,
  "k_r_based": 6,
  "known_noise_r": 0.05,
  "metadata": {
    "epsilon": 1.0,
    "epsilon_grid": [
      0.5,
      0.8,
      1.0,
      1.4,
      2.0
    ],
    "manifold": "sphere",
    "method": "r_based",
    "n_samples": 450,
    "seed": 22
  },
  "metrics_by_cutoff": {
    "bandwidth_stability": {
      "continuity": 0.4266666666666667,
      "geodesic_consistency": 0.47381682322697993,
      "trustworthiness": 0.8586600179005243
    },
    "eigengap": {
      "continuity": 0.4266666666666667,
      "geodesic_consistency": 0.47381682322697993,
      "trustworthiness": 0.8586600179005243
    },
    "oracle": {
      "continuity": 0.11622222222222221,
      "geodesic_consistency": 0.3105493499670132,
      "trustworthiness": 0.6726050377189617
    },
    "r_based": {
      "continuity": 0.4266666666666667,
      "geodesic_consistency": 0.47381682322697993,
      "trustworthiness": 0.8586600179005243
    }
  },
  "oracle_subspace_distance_by_k": {
    "1": 0.07181944813764586,
    "10": 1.0381668311785084,
    "11": 0.520245429802157,
    "12": 0.514687230316992,
    "2": 0.10168420136045127,
    "3": 0.12667743436313705,
    "4": 0.20204332769696,
    "5": 0.22727442221433825,
    "6": 0.5149517184687875,
    "7": 0.2966676183783536,
    "8": 0.3261466972819004,
    "9": 0.38436374971235665
  },
  "r_estimated_simple": 0.05241208784060997,
  "r_estimated_twoscale": 0.0305168532030625,
  "selected_k": 6,
  "trustworthiness": 0.8586600179005243
}