{
  "metadata": {
    "epsilon": 1.0,
    "epsilon_grid": [
      0.5,
      1.0,
      2.0,
      3.0
    ],
    "known_noise_r": 0.08,
    "manifold": "swiss_roll",
    "method": "bandwidth_stability",
    "n_samples": 400,
    "seed": 33
  },
  "stability": {
    "considered_max_k": 12,
    "epsilon_grid": [
      0.5,
      1.0,
      2.0,
      3.0
    ],
    "epsilon_pair_matrix": [
      [
        1.0,
        2.4065361471136004e-08,
        4.901359746164645e-05,
        0.0660840909729619
      ],
      [
        2.4065361471136004e-08,
        1.0,
        0.3975578112014764,
        0.07110435190603281
      ],
      [
        4.901359746164645e-05,
        0.3975578112014764,
        1.0,
        0.2438345793421949
      ],
      [
        0.0660840909729619,
        0.07110435190603281,
        0.2438345793421949,
        1.0
      ]
    ],
    "mode_scores": {
      "1": 0.1686785622601604,
      "10": 0.0012443785952032064,
      "11": 0.022596653070460018,
      "12": 0.042792998111290975,
      "2": 0.2141547203115358,
      "3": 0.16637578800524244,
      "4": 0.031956679802626974,
      "5": 0.016045377992209994,
      "6": 0.15444533661414747,
      "7": 0.12966790080878185,
      "8": 0.4496441637745571,
      "9": 0.15965718282476193
    },
    "pairwise_bandwidth_scores": [
      0.1686785622601604,
      0.2141547203115358,
      0.16637578800524244,
      0.031956679802626974,
      0.016045377992209994,
      0.15444533661414747,
      0.12966790080878185,
      0.4496441637745571,
      0.15965718282476193,
      0.0012443785952032064,
      0.022596653070460018,
      0.042792998111290975
    ],
    "selected_k": 1,
    "selection_rationale": "Choose largest k with average cross-bandwidth eigenvector stability above threshold.",
    "threshold": 0.9
  }
}