{
  "bandwidth_stability_scores": {
    "1": 0.1686785622601604,
    "10": 0.0012443785952032064,
    "11": 0.022596653070460018,
    "12": 0.042792998111290975,
    "2": 0.2141547203115358,
    "3": 0.16637578800524244,
    "4": 0.031956679802626974,
    "5": 0.016045377992209994,
    "6": 0.15444533661414747,
    "7": 0.12966790080878185,
    "8": 0.4496441637745571,
    "9": 0.15965718282476193
  },
  "continuity": 0.0955,
  "geodesic_consistency": -1.9718729820123633,
  "k_bandwidth_stability": 1,
  "k_eigengap": 2,
  "known_noise_r": 0.08,
  "metadata": {
    "epsilon": 1.0,
    "epsilon_grid": [
      0.5,
      1.0,
      2.0,
      3.0
    ],
    "manifold": "swiss_roll",
    "method": "bandwidth_stability",
    "n_samples": 400,
    "seed": 33
  },
  "selected_k": 1,
  "trustworthiness": 0.6060130039011704
}