{
  "bandwidth_stability_k": 8,
  "eigengap_k": 3,
  "k_r_based": 2,
  "oracle_k": 3,
  "oracle_subspace_distance_by_k": {
    "1": 0.402374163189482,
    "10": 1.109027339450436,
    "11": 1.341644379149434,
    "12": 1.2880896795132117,
    "2": 0.4276149479127914,
    "3": 0.3220425356877284,
    "4": 0.5185582248875225,
    "5": 0.6465077927453492,
    "6": 0.7517383496590002,
    "7": 0.809982314958693,
    "8": 0.8018209383235662,
    "9": 0.9790340679463998
  },
  "r_estimated_simple": 0.0809798204695009,
  "r_estimated_twoscale": 0.05514541489766458,
  "selected_k": 2,
  "selected_method": "r_based",
  "stability_threshold": 0.9
}