{
  "bandwidth_stability_scores": {
    "1": 0.9981247828194671,
    "10": 0.8178466860725224,
    "11": 0.8084001415338565,
    "12": 0.7722550748645385,
    "2": 0.9980880140768921,
    "3": 0.999655769974332,
    "4": 0.9985960005732635,
    "5": 0.997968340276976,
    "6": 0.9970299698661078,
    "7": 0.9959783667174815,
    "8": 0.9979960560122083,
    "9": 0.8669337491856589
  },
  "continuity": 0.3657777777777778,
  "geodesic_consistency": 0.45971711577149793,
  "k_bandwidth_stability": 8,
  "k_eigengap": 3,
  "k_oracle": 3,
  "k_r_based": 2,
  "known_noise_r": 0.12,
  "metadata": {
    "epsilon": 1.0,
    "epsilon_grid": [
      0.5,
      0.8,
      1.0,
      1.4,
      2.0
    ],
    "manifold": "sphere",
    "method": "r_based",
    "n_samples": 450,
    "seed": 11
  },
  "metrics_by_cutoff": {
    "bandwidth_stability": {
      "continuity": 0.3657777777777778,
      "geodesic_consistency": 0.45971711577149793,
      "trustworthiness": 0.8480450070323489
    },
    "eigengap": {
      "continuity": 0.3657777777777778,
      "geodesic_consistency": 0.45971711577149793,
      "trustworthiness": 0.8480450070323489
    },
    "oracle": {
      "continuity": 0.3657777777777778,
      "geodesic_consistency": 0.45971711577149793,
      "trustworthiness": 0.8480450070323489
    },
    "r_based": {
      "continuity": 0.3657777777777778,
      "geodesic_consistency": 0.45971711577149793,
      "trustworthiness": 0.8480450070323489
    }
  },
  "oracle_subspace_distance_by_k": {
    "1": 0.402374163189482,
    "10": 1.109027339450436,
    "11": 1.341644379149434,
    "12": 1.2880896795132117,
    "2": 0.4276149479127914,
    "3": 0.3220425356877284,
    "4": 0.5185582248875225,
    "5": 0.6465077927453492,
    "6": 0.7517383496590002,
    "7": 0.809982314958693,
    "8": 0.8018209383235662,
    "9": 0.9790340679463998
  },
  "r_estimated_simple": 0.0809798204695009,
  "r_estimated_twoscale": 0.05514541489766458,
  "selected_k": 2,
  "trustworthiness": 0.8480450070323489
}