{
  "bandwidth_stability_k": 6,
  "eigengap_k": 2,
  "k_r_based": 12,
  "oracle_k": 1,
  "oracle_subspace_distance_by_k": {
    "1": 0.05109066632115149,
    "10": 1.4474586719093099,
    "11": 1.6484320651331799,
    "12": 1.6766543071619104,
    "2": 0.07481157516551386,
    "3": 0.1427350125694551,
    "4": 0.17656615057401362,
    "5": 0.32748580960362517,
    "6": 0.3022590107703995,
    "7": 0.3749294626520483,
    "8": 0.4449092620734899,
    "9": 1.0935410632316718
  },
  "r_estimated_simple": 0.024047534854029582,
  "r_estimated_twoscale": 0.014155317723668456,
  "selected_k": 12,
  "selected_method": "r_based",
  "stability_threshold": 0.9
}