{
  "bandwidth_stability_scores": {
    "1": 0.9998372389903101,
    "10": 0.6274829973686434,
    "11": 0.2216799960031892,
    "12": 0.19745238000977625,
    "2": 0.9998570517085346,
    "3": 0.9997518148977257,
    "4": 0.9997693561092964,
    "5": 0.9997609357598962,
    "6": 0.9997409049702334,
    "7": 0.7577316833546509,
    "8": 0.7761549815528713,
    "9": 0.5416944422522064
  },
  "continuity": 0.7155555555555555,
  "geodesic_consistency": 0.7767850926759785,
  "k_bandwidth_stability": 6,
  "k_eigengap": 2,
  "k_oracle": 1,
  "k_r_based": 12,
  "known_noise_r": 0.05,
  "metadata": {
    "epsilon": 1.0,
    "epsilon_grid": [
      0.5,
      0.8,
      1.0,
      1.4,
      2.0
    ],
    "manifold": "circle",
    "method": "r_based",
    "n_samples": 450,
    "seed": 22
  },
  "metrics_by_cutoff": {
    "bandwidth_stability": {
      "continuity": 0.7155555555555555,
      "geodesic_consistency": 0.7767850926759785,
      "trustworthiness": 0.9971609768571794
    },
    "eigengap": {
      "continuity": 0.7155555555555555,
      "geodesic_consistency": 0.7767850926759785,
      "trustworthiness": 0.9971609768571794
    },
    "oracle": {
      "continuity": 0.30622222222222223,
      "geodesic_consistency": 0.6595310493667241,
      "trustworthiness": 0.7627346886587393
    },
    "r_based": {
      "continuity": 0.7155555555555555,
      "geodesic_consistency": 0.7767850926759785,
      "trustworthiness": 0.9971609768571794
    }
  },
  "oracle_subspace_distance_by_k": {
    "1": 0.05109066632115149,
    "10": 1.4474586719093099,
    "11": 1.6484320651331799,
    "12": 1.6766543071619104,
    "2": 0.07481157516551386,
    "3": 0.1427350125694551,
    "4": 0.17656615057401362,
    "5": 0.32748580960362517,
    "6": 0.3022590107703995,
    "7": 0.3749294626520483,
    "8": 0.4449092620734899,
    "9": 1.0935410632316718
  },
  "r_estimated_simple": 0.024047534854029582,
  "r_estimated_twoscale": 0.014155317723668456,
  "selected_k": 12,
  "trustworthiness": 0.9971609768571794
}