{
  "bandwidth_stability_k": 8,
  "eigengap_k": 3,
  "k_r_based": 2,
  "oracle_k": 1,
  "oracle_subspace_distance_by_k": {
    "1": 0.17290964230890923,
    "10": 1.3232567893971083,
    "11": 1.1294898076265703,
    "12": 1.218491612432818,
    "2": 0.2425513039603861,
    "3": 0.3015760068453109,
    "4": 0.44923663003291076,
    "5": 0.5261396407476464,
    "6": 0.9062165212198545,
    "7": 0.7197968270398319,
    "8": 0.7655307770057681,
    "9": 0.8857661807405858
  },
  "r_estimated_simple": 0.0810502357211798,
  "r_estimated_twoscale": 0.05653082239241366,
  "selected_k": 2,
  "selected_method": "r_based",
  "stability_threshold": 0.9
}