{
  "bandwidth_stability_scores": {
    "1": 0.9932357550721935,
    "10": 0.7436883378144048,
    "11": 0.8051098029756495,
    "12": 0.7375280206259902,
    "2": 0.9933266598183763,
    "3": 0.9996634777878479,
    "4": 0.998985316000174,
    "5": 0.9980233147301988,
    "6": 0.9969461945471216,
    "7": 0.9884431115001606,
    "8": 0.9876554961191849,
    "9": 0.7702310783232007
  },
  "continuity": 0.36399999999999993,
  "geodesic_consistency": 0.4717612618347,
  "k_bandwidth_stability": 8,
  "k_eigengap": 3,
  "k_oracle": 1,
  "k_r_based": 2,
  "known_noise_r": 0.12,
  "metadata": {
    "epsilon": 1.0,
    "epsilon_grid": [
      0.5,
      0.8,
      1.0,
      1.4,
      2.0
    ],
    "manifold": "sphere",
    "method": "r_based",
    "n_samples": 450,
    "seed": 22
  },
  "metrics_by_cutoff": {
    "bandwidth_stability": {
      "continuity": 0.36399999999999993,
      "geodesic_consistency": 0.4717612618347,
      "trustworthiness": 0.8564833141542002
    },
    "eigengap": {
      "continuity": 0.36399999999999993,
      "geodesic_consistency": 0.4717612618347,
      "trustworthiness": 0.8564833141542002
    },
    "oracle": {
      "continuity": 0.11511111111111114,
      "geodesic_consistency": 0.3146405625410319,
      "trustworthiness": 0.6735900779951413
    },
    "r_based": {
      "continuity": 0.36399999999999993,
      "geodesic_consistency": 0.4717612618347,
      "trustworthiness": 0.8564833141542002
    }
  },
  "oracle_subspace_distance_by_k": {
    "1": 0.17290964230890923,
    "10": 1.3232567893971083,
    "11": 1.1294898076265703,
    "12": 1.218491612432818,
    "2": 0.2425513039603861,
    "3": 0.3015760068453109,
    "4": 0.44923663003291076,
    "5": 0.5261396407476464,
    "6": 0.9062165212198545,
    "7": 0.7197968270398319,
    "8": 0.7655307770057681,
    "9": 0.8857661807405858
  },
  "r_estimated_simple": 0.0810502357211798,
  "r_estimated_twoscale": 0.05653082239241366,
  "selected_k": 2,
  "trustworthiness": 0.8564833141542002
}