{
  "bandwidth_stability_scores": {
    "1": 0.9987733021726639,
    "10": 0.653451017181474,
    "11": 0.6786354141437991,
    "12": 0.6388161886065058,
    "2": 0.9987333181797344,
    "3": 0.9993130574400497,
    "4": 0.9992857603685387,
    "5": 0.8568468471039308,
    "6": 0.7750992839490427,
    "7": 0.6361722583970312,
    "8": 0.6449540722296543,
    "9": 0.6675485243919421
  },
  "continuity": 0.45088888888888884,
  "geodesic_consistency": 0.7253879373197409,
  "k_bandwidth_stability": 4,
  "k_eigengap": 2,
  "k_oracle": 2,
  "known_noise_r": 0.16,
  "metadata": {
    "epsilon": 1.0,
    "epsilon_grid": [
      0.5,
      0.8,
      1.0,
      1.4,
      2.0
    ],
    "manifold": "circle",
    "method": "bandwidth_stability",
    "n_samples": 450,
    "seed": 11
  },
  "metrics_by_cutoff": {
    "bandwidth_stability": {
      "continuity": 0.45088888888888884,
      "geodesic_consistency": 0.7253879373197409,
      "trustworthiness": 0.9808786600179005
    },
    "eigengap": {
      "continuity": 0.45088888888888884,
      "geodesic_consistency": 0.7253879373197409,
      "trustworthiness": 0.9808786600179005
    },
    "oracle": {
      "continuity": 0.45088888888888884,
      "geodesic_consistency": 0.7253879373197409,
      "trustworthiness": 0.9808786600179005
    }
  },
  "oracle_subspace_distance_by_k": {
    "1": 0.4797569634483345,
    "10": 2.152596659519966,
    "11": 2.293616254105485,
    "12": 2.39361820114709,
    "2": 0.2482083041257697,
    "3": 0.6124985951105196,
    "4": 0.5598867364609325,
    "5": 0.8096035405686298,
    "6": 0.9235246424019754,
    "7": 1.3514603908801837,
    "8": 1.668938528655596,
    "9": 1.9336596697378274
  },
  "selected_k": 4,
  "trustworthiness": 0.9808786600179005
}