{
  "bandwidth_stability_k": 10,
  "eigengap_k": 3,
  "k_r_based": 2,
  "oracle_k": 1,
  "oracle_subspace_distance_by_k": {
    "1": 0.12360521758034995,
    "10": 0.772872132822184,
    "11": 0.89091243998612,
    "12": 1.048870747763535,
    "2": 0.168582890379504,
    "3": 0.2076685248745642,
    "4": 0.3614520552612664,
    "5": 0.45694730400346656,
    "6": 0.45901222228311733,
    "7": 0.4696657124060811,
    "8": 0.5178359975266308,
    "9": 0.9082440136518115
  },
  "r_estimated_simple": 0.06555155995680087,
  "r_estimated_twoscale": 0.041926925159613285,
  "selected_k": 2,
  "selected_method": "r_based",
  "stability_threshold": 0.9
}