{
  "bandwidth_stability_scores": {
    "1": 0.9996966109637747,
    "10": 0.9452986166607419,
    "11": 0.8505374563775334,
    "12": 0.7742091895798382,
    "2": 0.9996838062186476,
    "3": 0.999671061556599,
    "4": 0.998839026353364,
    "5": 0.9946024596295739,
    "6": 0.9955487533017551,
    "7": 0.9968525009861644,
    "8": 0.9990034336563499,
    "9": 0.9708030479802933
  },
  "continuity": 0.3977777777777778,
  "geodesic_consistency": 0.35404943647038695,
  "k_bandwidth_stability": 10,
  "k_eigengap": 3,
  "k_oracle": 1,
  "k_r_based": 2,
  "known_noise_r": 0.08,
  "metadata": {
    "epsilon": 1.0,
    "epsilon_grid": [
      0.5,
      0.8,
      1.0,
      1.4,
      2.0
    ],
    "manifold": "sphere",
    "method": "r_based",
    "n_samples": 450,
    "seed": 33
  },
  "metrics_by_cutoff": {
    "bandwidth_stability": {
      "continuity": 0.3977777777777778,
      "geodesic_consistency": 0.35404943647038695,
      "trustworthiness": 0.8561457614115842
    },
    "eigengap": {
      "continuity": 0.3977777777777778,
      "geodesic_consistency": 0.35404943647038695,
      "trustworthiness": 0.8561457614115842
    },
    "oracle": {
      "continuity": 0.11888888888888889,
      "geodesic_consistency": 0.022819847528057,
      "trustworthiness": 0.6926295870093337
    },
    "r_based": {
      "continuity": 0.3977777777777778,
      "geodesic_consistency": 0.35404943647038695,
      "trustworthiness": 0.8561457614115842
    }
  },
  "oracle_subspace_distance_by_k": {
    "1": 0.12360521758034995,
    "10": 0.772872132822184,
    "11": 0.89091243998612,
    "12": 1.048870747763535,
    "2": 0.168582890379504,
    "3": 0.2076685248745642,
    "4": 0.3614520552612664,
    "5": 0.45694730400346656,
    "6": 0.45901222228311733,
    "7": 0.4696657124060811,
    "8": 0.5178359975266308,
    "9": 0.9082440136518115
  },
  "r_estimated_simple": 0.06555155995680087,
  "r_estimated_twoscale": 0.041926925159613285,
  "selected_k": 2,
  "trustworthiness": 0.8561457614115842
}