{
  "bandwidth_stability_k": 1,
  "eigengap_k": 11,
  "k_r_based": 1,
  "oracle_k": 1,
  "oracle_subspace_distance_by_k": {
    "1": 0.8958380374627607,
    "10": 1.2294211273524893,
    "11": 1.107823345890823,
    "12": 1.0546720896214392,
    "2": 1.0016080821438462,
    "3": 0.9870676253338634,
    "4": 0.997377878478302,
    "5": 1.0014495091167865,
    "6": 1.24327415403594,
    "7": 1.350849100497328,
    "8": 1.0338325114108695,
    "9": 1.0421814737463428
  },
  "r_estimated_simple": 0.23290138663300855,
  "r_estimated_twoscale": 0.05027037678597573,
  "selected_k": 1,
  "selected_method": "r_based",
  "stability_threshold": 0.9
}