{
  "bandwidth_stability_k": 11,
  "eigengap_k": 4,
  "oracle_k": 2,
  "oracle_subspace_distance_by_k": {
    "1": 0.02800799656376349,
    "10": 0.11687522139280117,
    "11": 0.13119198751047131,
    "12": 0.14234384981801348,
    "2": 0.016933527622049402,
    "3": 0.040328976395726766,
    "4": 0.03509705264922584,
    "5": 0.04341498643941675,
    "6": 0.053329662544061525,
    "7": 0.06433107140325135,
    "8": 0.0816665572573342,
    "9": 0.17537929273837874
  },
  "selected_k": 11,
  "selected_method": "bandwidth_stability",
  "stability_threshold": 0.9
}