{
  "bandwidth_stability_scores": {
    "1": 0.9985920996892568,
    "10": 0.7975562799939577,
    "11": 0.9299750959220587,
    "12": 0.7906618612923965,
    "2": 0.9984360640282923,
    "3": 0.9986026853082053,
    "4": 0.9989725552379896,
    "5": 0.9985464189127026,
    "6": 0.9983355187730117,
    "7": 0.9976913797687208,
    "8": 0.9658026171600886,
    "9": 0.8344814373332806
  },
  "continuity": 0.2944444444444445,
  "geodesic_consistency": 0.8125201886803912,
  "k_bandwidth_stability": 11,
  "k_eigengap": 4,
  "k_oracle": 2,
  "known_noise_r": 0.02,
  "metadata": {
    "epsilon": 1.0,
    "epsilon_grid": [
      0.5,
      0.8,
      1.0,
      1.4,
      2.0
    ],
    "manifold": "torus",
    "method": "bandwidth_stability",
    "n_samples": 450,
    "seed": 33
  },
  "metrics_by_cutoff": {
    "bandwidth_stability": {
      "continuity": 0.2944444444444445,
      "geodesic_consistency": 0.8125201886803912,
      "trustworthiness": 0.9688111494693773
    },
    "eigengap": {
      "continuity": 0.2944444444444445,
      "geodesic_consistency": 0.8125201886803912,
      "trustworthiness": 0.9688111494693773
    },
    "oracle": {
      "continuity": 0.2944444444444445,
      "geodesic_consistency": 0.8125201886803912,
      "trustworthiness": 0.9688111494693773
    }
  },
  "oracle_subspace_distance_by_k": {
    "1": 0.02800799656376349,
    "10": 0.11687522139280117,
    "11": 0.13119198751047131,
    "12": 0.14234384981801348,
    "2": 0.016933527622049402,
    "3": 0.040328976395726766,
    "4": 0.03509705264922584,
    "5": 0.04341498643941675,
    "6": 0.053329662544061525,
    "7": 0.06433107140325135,
    "8": 0.0816665572573342,
    "9": 0.17537929273837874
  },
  "selected_k": 11,
  "trustworthiness": 0.9688111494693773
}