{
  "bandwidth_stability_scores": {
    "1": 0.9997329654593163,
    "10": 0.39341059181797194,
    "11": 0.5244683969860663,
    "12": 0.5414796248737193,
    "2": 0.9997637346006567,
    "3": 0.9995891047951755,
    "4": 0.9995885583486699,
    "5": 0.9995670778289024,
    "6": 0.999459087081603,
    "7": 0.7541636494436401,
    "8": 0.6623672650422703,
    "9": 0.3099292136172955
  },
  "continuity": 0.5882222222222222,
  "geodesic_consistency": 0.7730224361035835,
  "k_bandwidth_stability": 6,
  "k_eigengap": 2,
  "k_oracle": 1,
  "known_noise_r": 0.08,
  "metadata": {
    "epsilon": 1.0,
    "epsilon_grid": [
      0.5,
      0.8,
      1.0,
      1.4,
      2.0
    ],
    "manifold": "circle",
    "method": "bandwidth_stability",
    "n_samples": 450,
    "seed": 22
  },
  "metrics_by_cutoff": {
    "bandwidth_stability": {
      "continuity": 0.5882222222222222,
      "geodesic_consistency": 0.7730224361035835,
      "trustworthiness": 0.9932034266717811
    },
    "eigengap": {
      "continuity": 0.5882222222222222,
      "geodesic_consistency": 0.7730224361035835,
      "trustworthiness": 0.9932034266717811
    },
    "oracle": {
      "continuity": 0.25333333333333335,
      "geodesic_consistency": 0.654128008094619,
      "trustworthiness": 0.7614126070834931
    }
  },
  "oracle_subspace_distance_by_k": {
    "1": 0.08282689928637521,
    "10": 1.5730705952372137,
    "11": 1.8573533135195839,
    "12": 2.1004328383463853,
    "2": 0.12011094081038244,
    "3": 0.23006141933926488,
    "4": 0.28120762515564973,
    "5": 0.5191258749764556,
    "6": 0.4778416444741557,
    "7": 0.5950181814146723,
    "8": 0.7006808123722038,
    "9": 1.2198788939216756
  },
  "selected_k": 6,
  "trustworthiness": 0.9932034266717811
}