{
  "cases": [
    {
      "case": "circle_high_noise",
      "continuity_mean": 0.4534074074074074,
      "geodesic_consistency_mean": 0.746390153210255,
      "selected_k_mean": 4.0,
      "selected_k_std": 0.0,
      "trustworthiness_mean": 0.9811077867280399
    },
    {
      "case": "circle_low_noise",
      "continuity_mean": 0.8851111111111113,
      "geodesic_consistency_mean": 0.7781988121244762,
      "selected_k_mean": 8.0,
      "selected_k_std": 0.0,
      "trustworthiness_mean": 0.9996851212547414
    },
    {
      "case": "sphere_high_noise",
      "continuity_mean": 0.32022222222222224,
      "geodesic_consistency_mean": 0.415090923499704,
      "selected_k_mean": 8.0,
      "selected_k_std": 0.0,
      "trustworthiness_mean": 0.8525668499339386
    },
    {
      "case": "sphere_low_noise",
      "continuity_mean": 0.43955555555555553,
      "geodesic_consistency_mean": 0.44211996237890877,
      "selected_k_mean": 12.0,
      "selected_k_std": 0.0,
      "trustworthiness_mean": 0.8552527809742999
    }
  ]
}