{
  "metadata": {
    "epsilon": 1.0,
    "epsilon_grid": [
      0.5,
      1.0,
      2.0,
      3.0
    ],
    "known_noise_r": 0.08,
    "manifold": "swiss_roll",
    "method": "bandwidth_stability",
    "n_samples": 400,
    "seed": 123
  },
  "stability": {
    "considered_max_k": 12,
    "epsilon_grid": [
      0.5,
      1.0,
      2.0,
      3.0
    ],
    "epsilon_pair_matrix": [
      [
        1.0,
        0.24191690181037992,
        9.860221446991573e-05,
        0.10167019045351751
      ],
      [
        0.24191690181037992,
        1.0,
        0.32059474568173757,
        0.0836020521837907
      ],
      [
        9.860221446991573e-05,
        0.32059474568173757,
        1.0,
        0.10697045026443165
      ],
      [
        0.10167019045351751,
        0.0836020521837907,
        0.10697045026443165,
        1.0
      ]
    ],
    "mode_scores": {
      "1": 0.18494139979225363,
      "10": 0.0014306402692747069,
      "11": 0.018153999568732412,
      "12": 0.006879335970999471,
      "2": 0.30284112036219396,
      "3": 0.4536040038987357,
      "4": 0.16553588406422845,
      "5": 0.19324394126121502,
      "6": 0.16525857334037475,
      "7": 0.0028451941223495113,
      "8": 0.05961361644229648,
      "9": 0.15535817612400046
    },
    "pairwise_bandwidth_scores": [
      0.18494139979225363,
      0.30284112036219396,
      0.4536040038987357,
      0.16553588406422845,
      0.19324394126121502,
      0.16525857334037475,
      0.0028451941223495113,
      0.05961361644229648,
      0.15535817612400046,
      0.0014306402692747069,
      0.018153999568732412,
      0.006879335970999471
    ],
    "selected_k": 1,
    "selection_rationale": "Choose largest k with average cross-bandwidth eigenvector stability above threshold.",
    "threshold": 0.9
  }
}