{
  "bandwidth_stability_k": 12,
  "eigengap_k": 4,
  "oracle_k": 1,
  "oracle_subspace_distance_by_k": {
    "1": 0.04515655178017141,
    "10": 0.780885517283079,
    "11": 0.5508657204194862,
    "12": 0.9632968959713134,
    "2": 0.065203243301762,
    "3": 0.10317072991751619,
    "4": 0.1334796023221395,
    "5": 0.18070419528214518,
    "6": 0.21959217635455214,
    "7": 0.27469195689921005,
    "8": 0.3317675673505198,
    "9": 0.6653141056272629
  },
  "selected_k": 12,
  "selected_method": "bandwidth_stability",
  "stability_threshold": 0.9
}