{
  "bandwidth_stability_scores": {
    "1": 0.9996678336341704,
    "10": 0.7975310398425763,
    "11": 0.7805853920445424,
    "12": 0.9160668119272687,
    "2": 0.9996330724416786,
    "3": 0.9994144243590756,
    "4": 0.9990674500764329,
    "5": 0.998643718074971,
    "6": 0.9986280185718124,
    "7": 0.9877557972198722,
    "8": 0.9847389967492128,
    "9": 0.9130855859205446
  },
  "continuity": 0.3035555555555555,
  "geodesic_consistency": 0.7682239957764093,
  "k_bandwidth_stability": 12,
  "k_eigengap": 4,
  "k_oracle": 1,
  "known_noise_r": 0.08,
  "metadata": {
    "epsilon": 1.0,
    "epsilon_grid": [
      0.5,
      0.8,
      1.0,
      1.4,
      2.0
    ],
    "manifold": "torus",
    "method": "bandwidth_stability",
    "n_samples": 450,
    "seed": 22
  },
  "metrics_by_cutoff": {
    "bandwidth_stability": {
      "continuity": 0.3035555555555555,
      "geodesic_consistency": 0.7682239957764093,
      "trustworthiness": 0.9679304436772791
    },
    "eigengap": {
      "continuity": 0.3035555555555555,
      "geodesic_consistency": 0.7682239957764093,
      "trustworthiness": 0.9679304436772791
    },
    "oracle": {
      "continuity": 0.15533333333333338,
      "geodesic_consistency": 0.6881608062531707,
      "trustworthiness": 0.7652688914461067
    }
  },
  "oracle_subspace_distance_by_k": {
    "1": 0.04515655178017141,
    "10": 0.780885517283079,
    "11": 0.5508657204194862,
    "12": 0.9632968959713134,
    "2": 0.065203243301762,
    "3": 0.10317072991751619,
    "4": 0.1334796023221395,
    "5": 0.18070419528214518,
    "6": 0.21959217635455214,
    "7": 0.27469195689921005,
    "8": 0.3317675673505198,
    "9": 0.6653141056272629
  },
  "selected_k": 12,
  "trustworthiness": 0.9679304436772791
}