{
  "bandwidth_stability_scores": {
    "1": 0.999915569712625,
    "10": 0.9917367201469067,
    "11": 0.9942480650310372,
    "12": 0.9993156783025324,
    "13": 0.9951809849594622,
    "14": 0.993485363622856,
    "2": 0.9998869295718575,
    "3": 0.9999223970474517,
    "4": 0.9998007157706016,
    "5": 0.9994938948077583,
    "6": 0.9993517452450558,
    "7": 0.9995572401270663,
    "8": 0.9994976963699678,
    "9": 0.9968637353560899
  },
  "continuity": 0.3268888888888889,
  "geodesic_consistency": 0.5817306392237179,
  "k_bandwidth_stability": 14,
  "k_eigengap": 3,
  "k_oracle": 2,
  "known_noise_r": 0.14,
  "metadata": {
    "epsilon": 1.0,
    "epsilon_grid": [
      0.85,
      1.0,
      1.15
    ],
    "manifold": "sphere",
    "method": "eigengap",
    "n_samples": 450,
    "seed": 7
  },
  "metrics_by_cutoff": {
    "bandwidth_stability": {
      "continuity": 0.3268888888888889,
      "geodesic_consistency": 0.5817306392237179,
      "trustworthiness": 0.855299322337297
    },
    "eigengap": {
      "continuity": 0.3268888888888889,
      "geodesic_consistency": 0.5817306392237179,
      "trustworthiness": 0.855299322337297
    },
    "oracle": {
      "continuity": 0.3268888888888889,
      "geodesic_consistency": 0.5817306392237179,
      "trustworthiness": 0.855299322337297
    }
  },
  "oracle_subspace_distance_by_k": {
    "1": 0.4859100310313029,
    "10": 1.2169263355108833,
    "11": 1.4261863007657773,
    "12": 1.4279937462591696,
    "13": 1.5222710257644492,
    "14": 1.6146836531168633,
    "2": 0.305730348449398,
    "3": 0.3711576320511904,
    "4": 0.5746662791403736,
    "5": 0.6932720635779319,
    "6": 1.1823596009278141,
    "7": 0.8368846900891599,
    "8": 0.9068015152753345,
    "9": 1.3468569705086435
  },
  "selected_k": 3,
  "trustworthiness": 0.855299322337297
}