{
  "bandwidth_stability_k": 4,
  "eigengap_k": 2,
  "estimated_intrinsic_dim_clean": 1.1465826780149553,
  "estimated_intrinsic_dim_noisy": 3.303226831551051,
  "k_intrinsic_dim": 4,
  "oracle_k": 2,
  "oracle_subspace_distance_by_k": {
    "1": 0.4797569634483345,
    "10": 2.152596659519966,
    "11": 2.293616254105485,
    "12": 2.39361820114709,
    "2": 0.2482083041257697,
    "3": 0.6124985951105196,
    "4": 0.5598867364609325,
    "5": 0.8096035405686298,
    "6": 0.9235246424019754,
    "7": 1.3514603908801837,
    "8": 1.668938528655596,
    "9": 1.9336596697378274
  },
  "selected_k": 4,
  "selected_method": "bandwidth_stability",
  "stability_threshold": 0.9
}