{
  "bandwidth_stability_scores": {
    "1": 0.9999314729599004,
    "10": 0.9979877105647776,
    "11": 0.8904547301551409,
    "12": 0.9302515170857042,
    "13": 0.8647691220853695,
    "14": 0.8451087960804158,
    "2": 0.9999093109580344,
    "3": 0.9999204852619779,
    "4": 0.9995635943751902,
    "5": 0.984486620211676,
    "6": 0.9842522226808521,
    "7": 0.9996524805096576,
    "8": 0.9997390578257103,
    "9": 0.9973677237813648
  },
  "continuity": 0.31733333333333336,
  "geodesic_consistency": 0.5637391134303634,
  "k_bandwidth_stability": 12,
  "k_eigengap": 3,
  "k_oracle": 2,
  "known_noise_r": 0.14,
  "metadata": {
    "epsilon": 1.0,
    "epsilon_grid": [
      0.85,
      1.0,
      1.15
    ],
    "manifold": "sphere",
    "method": "eigengap",
    "n_samples": 450,
    "seed": 9
  },
  "metrics_by_cutoff": {
    "bandwidth_stability": {
      "continuity": 0.31733333333333336,
      "geodesic_consistency": 0.5637391134303634,
      "trustworthiness": 0.8560393811533051
    },
    "eigengap": {
      "continuity": 0.31733333333333336,
      "geodesic_consistency": 0.5637391134303634,
      "trustworthiness": 0.8560393811533051
    },
    "oracle": {
      "continuity": 0.31733333333333336,
      "geodesic_consistency": 0.5637391134303634,
      "trustworthiness": 0.8560393811533051
    }
  },
  "oracle_subspace_distance_by_k": {
    "1": 0.45803386272393426,
    "10": 1.4374723702224161,
    "11": 1.548008913706684,
    "12": 1.6786474348671452,
    "13": 1.702705363717818,
    "14": 1.6525477687935521,
    "2": 0.3025011219751891,
    "3": 0.3724549610679862,
    "4": 0.5069289522764183,
    "5": 0.6454571511919084,
    "6": 0.7792229944659064,
    "7": 0.9011092089225192,
    "8": 0.9187129237542687,
    "9": 1.2531836850369973
  },
  "selected_k": 3,
  "trustworthiness": 0.8560393811533051
}