{
  "bandwidth_stability_scores": {
    "1": 0.9999594808170216,
    "10": 0.7413063345339145,
    "11": 0.550972153174257,
    "12": 0.22318659311575434,
    "2": 0.9999592689238506,
    "3": 0.9999459733587571,
    "4": 0.9999131333273488,
    "5": 0.9998778288825609,
    "6": 0.9999158111086829,
    "7": 0.99655921695413,
    "8": 0.9987890776877414,
    "9": 0.7590797058623902
  },
  "continuity": 0.8800000000000001,
  "geodesic_consistency": 0.755311845705379,
  "k_bandwidth_stability": 8,
  "k_eigengap": 2,
  "k_oracle": 2,
  "known_noise_r": 0.02,
  "metadata": {
    "epsilon": 1.0,
    "epsilon_grid": [
      0.5,
      0.8,
      1.0,
      1.4,
      2.0
    ],
    "manifold": "circle",
    "method": "bandwidth_stability",
    "n_samples": 450,
    "seed": 11
  },
  "metrics_by_cutoff": {
    "bandwidth_stability": {
      "continuity": 0.8800000000000001,
      "geodesic_consistency": 0.755311845705379,
      "trustworthiness": 0.9996701189106253
    },
    "eigengap": {
      "continuity": 0.8800000000000001,
      "geodesic_consistency": 0.755311845705379,
      "trustworthiness": 0.9996701189106253
    },
    "oracle": {
      "continuity": 0.8800000000000001,
      "geodesic_consistency": 0.755311845705379,
      "trustworthiness": 0.9996701189106253
    }
  },
  "oracle_subspace_distance_by_k": {
    "1": 0.07174406865944552,
    "10": 0.26229405652128396,
    "11": 1.0168033427528507,
    "12": 1.3703975539002407,
    "2": 0.030651110536008545,
    "3": 0.0777093304554053,
    "4": 0.07166524277851151,
    "5": 0.13823076560006092,
    "6": 0.12308098917369924,
    "7": 0.15960879775377182,
    "8": 0.18365058382510346,
    "9": 0.2620371287770806
  },
  "selected_k": 8,
  "trustworthiness": 0.9996701189106253
}