{
  "bandwidth_stability_k": 8,
  "eigengap_k": 2,
  "k_r_based": 12,
  "oracle_k": 2,
  "oracle_subspace_distance_by_k": {
    "1": 0.07174406865944552,
    "10": 0.26229405652128396,
    "11": 1.0168033427528507,
    "12": 1.3703975539002407,
    "2": 0.030651110536008545,
    "3": 0.0777093304554053,
    "4": 0.07166524277851151,
    "5": 0.13823076560006092,
    "6": 0.12308098917369924,
    "7": 0.15960879775377182,
    "8": 0.18365058382510346,
    "9": 0.2620371287770806
  },
  "r_estimated_simple": 0.0140624430561045,
  "r_estimated_twoscale": 0.006507933408493265,
  "selected_k": 12,
  "selected_method": "r_based",
  "stability_threshold": 0.9
}