{
  "bandwidth_stability_k": 1,
  "eigengap_k": 12,
  "estimated_intrinsic_dim_clean": 1.9739307212604928,
  "estimated_intrinsic_dim_noisy": 1.9732482280721686,
  "k_intrinsic_dim": 2,
  "oracle_k": 1,
  "oracle_subspace_distance_by_k": {
    "1": 0.05660899564583435,
    "10": 0.092098116432435,
    "11": 0.08552826130619523,
    "12": 0.08114021438024112,
    "2": 0.070990736690399,
    "3": 0.07416856185940696,
    "4": 0.09514729262411331,
    "5": 0.0809732217236541,
    "6": 0.09825157655077207,
    "7": 0.1016325010459913,
    "8": 0.08482677157106126,
    "9": 0.08631162859250568
  },
  "selected_k": 1,
  "selected_method": "bandwidth_stability",
  "stability_threshold": 0.9
}