{
  "metadata": {
    "epsilon": 1.0,
    "epsilon_grid": [
      0.5,
      1.0,
      2.0,
      3.0
    ],
    "known_noise_r": 0.16,
    "manifold": "swiss_roll",
    "method": "bandwidth_stability",
    "n_samples": 400,
    "seed": 22
  },
  "stability": {
    "considered_max_k": 12,
    "epsilon_grid": [
      0.5,
      1.0,
      2.0,
      3.0
    ],
    "epsilon_pair_matrix": [
      [
        1.0,
        1.4875010500214828e-07,
        0.026611889673465686,
        0.020184387143129687
      ],
      [
        1.4875010500214828e-07,
        1.0,
        0.2468052644858055,
        0.040677506545415736
      ],
      [
        0.026611889673465686,
        0.2468052644858055,
        1.0,
        0.06736788950059451
      ],
      [
        0.020184387143129687,
        0.040677506545415736,
        0.06736788950059451,
        1.0
      ]
    ],
    "mode_scores": {
      "1": 0.16128388252760464,
      "10": 0.11365654186528763,
      "11": 0.04654242868837866,
      "12": 0.08407566079840266,
      "2": 0.00016179659101373954,
      "3": 0.0816701776709482,
      "4": 0.0024031687277612274,
      "5": 0.1283637404504428,
      "6": 0.12493064218432855,
      "7": 0.01714601765647995,
      "8": 0.0027124714181067603,
      "9": 0.04034764361827743
    },
    "pairwise_bandwidth_scores": [
      0.16128388252760464,
      0.00016179659101373954,
      0.0816701776709482,
      0.0024031687277612274,
      0.1283637404504428,
      0.12493064218432855,
      0.01714601765647995,
      0.0027124714181067603,
      0.04034764361827743,
      0.11365654186528763,
      0.04654242868837866,
      0.08407566079840266
    ],
    "selected_k": 1,
    "selection_rationale": "Choose largest k with average cross-bandwidth eigenvector stability above threshold.",
    "threshold": 0.9
  }
}