{
  "bandwidth_stability_scores": {
    "1": 0.16128388252760464,
    "10": 0.11365654186528763,
    "11": 0.04654242868837866,
    "12": 0.08407566079840266,
    "2": 0.00016179659101373954,
    "3": 0.0816701776709482,
    "4": 0.0024031687277612274,
    "5": 0.1283637404504428,
    "6": 0.12493064218432855,
    "7": 0.01714601765647995,
    "8": 0.0027124714181067603,
    "9": 0.04034764361827743
  },
  "continuity": 0.14825,
  "geodesic_consistency": -1.958667297491337,
  "k_bandwidth_stability": 1,
  "k_eigengap": 1,
  "known_noise_r": 0.16,
  "metadata": {
    "epsilon": 1.0,
    "epsilon_grid": [
      0.5,
      1.0,
      2.0,
      3.0
    ],
    "manifold": "swiss_roll",
    "method": "bandwidth_stability",
    "n_samples": 400,
    "seed": 22
  },
  "selected_k": 1,
  "trustworthiness": 0.6709726918075423
}