{
  "metadata": {
    "epsilon": 1.0,
    "epsilon_grid": [
      0.5,
      1.0,
      2.0,
      3.0
    ],
    "known_noise_r": 0.03,
    "manifold": "swiss_roll",
    "method": "bandwidth_stability",
    "n_samples": 400,
    "seed": 22
  },
  "stability": {
    "considered_max_k": 12,
    "epsilon_grid": [
      0.5,
      1.0,
      2.0,
      3.0
    ],
    "epsilon_pair_matrix": [
      [
        1.0,
        0.09784942399270719,
        0.003915578156608378,
        0.016920508073320063
      ],
      [
        0.09784942399270719,
        1.0,
        0.006478887473980177,
        0.07548807042316777
      ],
      [
        0.003915578156608378,
        0.006478887473980177,
        1.0,
        0.33128072666370484
      ],
      [
        0.016920508073320063,
        0.07548807042316777,
        0.33128072666370484,
        1.0
      ]
    ],
    "mode_scores": {
      "1": 0.1588822920578226,
      "10": 0.045055372509230175,
      "11": 0.03263706163802216,
      "12": 0.01418745241783993,
      "2": 0.07349502925389925,
      "3": 0.10428217666201385,
      "4": 0.27533467779883636,
      "5": 0.11069599740663931,
      "6": 0.020190729374732423,
      "7": 0.06358424980852986,
      "8": 0.1431760988498573,
      "9": 0.022345251789553582
    },
    "pairwise_bandwidth_scores": [
      0.1588822920578226,
      0.07349502925389925,
      0.10428217666201385,
      0.27533467779883636,
      0.11069599740663931,
      0.020190729374732423,
      0.06358424980852986,
      0.1431760988498573,
      0.022345251789553582,
      0.045055372509230175,
      0.03263706163802216,
      0.01418745241783993
    ],
    "selected_k": 1,
    "selection_rationale": "Choose largest k with average cross-bandwidth eigenvector stability above threshold.",
    "threshold": 0.9
  }
}