{
  "bandwidth_stability_scores": {
    "1": 0.1588822920578226,
    "10": 0.045055372509230175,
    "11": 0.03263706163802216,
    "12": 0.01418745241783993,
    "2": 0.07349502925389925,
    "3": 0.10428217666201385,
    "4": 0.27533467779883636,
    "5": 0.11069599740663931,
    "6": 0.020190729374732423,
    "7": 0.06358424980852986,
    "8": 0.1431760988498573,
    "9": 0.022345251789553582
  },
  "continuity": 0.15200000000000002,
  "geodesic_consistency": -1.9589674112697457,
  "k_bandwidth_stability": 1,
  "k_eigengap": 3,
  "known_noise_r": 0.03,
  "metadata": {
    "epsilon": 1.0,
    "epsilon_grid": [
      0.5,
      1.0,
      2.0,
      3.0
    ],
    "manifold": "swiss_roll",
    "method": "bandwidth_stability",
    "n_samples": 400,
    "seed": 22
  },
  "selected_k": 1,
  "trustworthiness": 0.6699616384915474
}