{
  "bandwidth_stability_k": 8,
  "eigengap_k": 2,
  "estimated_intrinsic_dim_clean": 1.117314141286826,
  "estimated_intrinsic_dim_noisy": 2.153114487347114,
  "k_intrinsic_dim": 3,
  "oracle_k": 1,
  "oracle_subspace_distance_by_k": {
    "1": 0.023122116322489974,
    "10": 0.2654634964681647,
    "11": 1.003836994576589,
    "12": 1.3992883789453987,
    "2": 0.03063542330072794,
    "3": 0.08721040911838336,
    "4": 0.07078264264279212,
    "5": 0.09729403409284643,
    "6": 0.12053874853142792,
    "7": 0.15391256542961823,
    "8": 0.1794054561958393,
    "9": 0.2181821766913238
  },
  "selected_k": 8,
  "selected_method": "bandwidth_stability",
  "stability_threshold": 0.9
}