{
  "bandwidth_stability_k": 1,
  "eigengap_k": 12,
  "k_r_based": 1,
  "oracle_k": 1,
  "oracle_subspace_distance_by_k": {
    "1": 0.11712998593011825,
    "10": 0.23512439783424152,
    "11": 0.22495552577377356,
    "12": 0.20903448910810693,
    "2": 0.1743185974559878,
    "3": 0.18346238787577954,
    "4": 0.20629826569462487,
    "5": 0.20965780229389067,
    "6": 0.2487251747207292,
    "7": 0.900848669466419,
    "8": 0.22634792590091804,
    "9": 0.21938309879389584
  },
  "r_estimated_simple": 0.20853149694407194,
  "r_estimated_twoscale": 0.13890847184403607,
  "selected_k": 1,
  "selected_method": "r_based",
  "stability_threshold": 0.9
}