{
  "bandwidth_stability_scores": {
    "1": 0.7096230358992353,
    "10": 0.38133562313808517,
    "11": 0.325836265095637,
    "12": 0.7113764340731601,
    "2": 0.331684520319316,
    "3": 0.40929356863936067,
    "4": 0.3274557661353738,
    "5": 0.522940211754008,
    "6": 0.5996462682712279,
    "7": 0.6724881923980398,
    "8": 0.4635843947042401,
    "9": 0.47136863027510767
  },
  "continuity": 0.4739999999999999,
  "geodesic_consistency": -0.01673592998934798,
  "k_bandwidth_stability": 1,
  "k_eigengap": 12,
  "k_oracle": 1,
  "k_r_based": 1,
  "known_noise_r": 0.08,
  "metadata": {
    "epsilon": 1.0,
    "epsilon_grid": [
      0.5,
      1.0,
      2.0,
      3.0
    ],
    "manifold": "swiss_roll",
    "method": "r_based",
    "n_samples": 400,
    "seed": 11
  },
  "metrics_by_cutoff": {
    "bandwidth_stability": {
      "continuity": 0.4739999999999999,
      "geodesic_consistency": -0.01673592998934798,
      "trustworthiness": 0.8389122236671002
    },
    "eigengap": {
      "continuity": 0.5865,
      "geodesic_consistency": -0.014787038961441843,
      "trustworthiness": 0.9650396618985696
    },
    "oracle": {
      "continuity": 0.4739999999999999,
      "geodesic_consistency": -0.01673592998934798,
      "trustworthiness": 0.8389122236671002
    },
    "r_based": {
      "continuity": 0.4739999999999999,
      "geodesic_consistency": -0.01673592998934798,
      "trustworthiness": 0.8389122236671002
    }
  },
  "oracle_subspace_distance_by_k": {
    "1": 0.11712998593011825,
    "10": 0.23512439783424152,
    "11": 0.22495552577377356,
    "12": 0.20903448910810693,
    "2": 0.1743185974559878,
    "3": 0.18346238787577954,
    "4": 0.20629826569462487,
    "5": 0.20965780229389067,
    "6": 0.2487251747207292,
    "7": 0.900848669466419,
    "8": 0.22634792590091804,
    "9": 0.21938309879389584
  },
  "r_estimated_simple": 0.20853149694407194,
  "r_estimated_twoscale": 0.13890847184403607,
  "selected_k": 1,
  "trustworthiness": 0.8389122236671002
}