{
  "bandwidth_stability_k": 8,
  "eigengap_k": 3,
  "estimated_intrinsic_dim_clean": 2.218280107090281,
  "estimated_intrinsic_dim_noisy": 4.7017124479264165,
  "k_intrinsic_dim": 5,
  "oracle_k": 1,
  "oracle_subspace_distance_by_k": {
    "1": 0.26989117229496273,
    "10": 1.4247372519710015,
    "11": 1.6424770233607084,
    "12": 1.8158124778776503,
    "2": 0.3349009429565379,
    "3": 0.41318450419304364,
    "4": 0.6864769027780349,
    "5": 0.9419447060751182,
    "6": 0.9233433790571608,
    "7": 0.9202265905875554,
    "8": 1.0025973375352186,
    "9": 1.3911664848103589
  },
  "selected_k": 8,
  "selected_method": "bandwidth_stability",
  "stability_threshold": 0.9
}