{
  "bandwidth_stability_scores": {
    "1": 0.9994842117282638,
    "10": 0.7984458356509153,
    "11": 0.6715718657536377,
    "12": 0.7057822459250169,
    "2": 0.9994449990033208,
    "3": 0.9994361262967824,
    "4": 0.9985163605304386,
    "5": 0.9832081223751912,
    "6": 0.9883501610234258,
    "7": 0.9930101882085288,
    "8": 0.9974041430435667,
    "9": 0.8131376826861485
  },
  "continuity": 0.3122222222222223,
  "estimated_intrinsic_dim_clean": 2.218280107090281,
  "estimated_intrinsic_dim_noisy": 4.7017124479264165,
  "geodesic_consistency": 0.3382143802836411,
  "k_bandwidth_stability": 8,
  "k_eigengap": 3,
  "k_intrinsic_dim": 5,
  "k_oracle": 1,
  "known_noise_r": 0.16,
  "metadata": {
    "epsilon": 1.0,
    "epsilon_grid": [
      0.5,
      0.8,
      1.0,
      1.4,
      2.0
    ],
    "manifold": "sphere",
    "method": "bandwidth_stability",
    "n_samples": 450,
    "seed": 33
  },
  "metrics_by_cutoff": {
    "bandwidth_stability": {
      "continuity": 0.3122222222222223,
      "geodesic_consistency": 0.3382143802836411,
      "trustworthiness": 0.8524495588799386
    },
    "eigengap": {
      "continuity": 0.3122222222222223,
      "geodesic_consistency": 0.3382143802836411,
      "trustworthiness": 0.8524495588799386
    },
    "oracle": {
      "continuity": 0.10244444444444445,
      "geodesic_consistency": 0.023627468499174444,
      "trustworthiness": 0.6895870093338448
    }
  },
  "oracle_subspace_distance_by_k": {
    "1": 0.26989117229496273,
    "10": 1.4247372519710015,
    "11": 1.6424770233607084,
    "12": 1.8158124778776503,
    "2": 0.3349009429565379,
    "3": 0.41318450419304364,
    "4": 0.6864769027780349,
    "5": 0.9419447060751182,
    "6": 0.9233433790571608,
    "7": 0.9202265905875554,
    "8": 1.0025973375352186,
    "9": 1.3911664848103589
  },
  "selected_k": 8,
  "trustworthiness": 0.8524495588799386
}