{
  "bandwidth_stability_k": 8,
  "eigengap_k": 3,
  "k_r_based": 1,
  "oracle_k": 3,
  "oracle_subspace_distance_by_k": {
    "1": 0.4643588233820828,
    "10": 1.399039760497212,
    "11": 1.689049159544549,
    "12": 1.646382516060987,
    "2": 0.5070244290129469,
    "3": 0.4246490750419502,
    "4": 0.6691312374986004,
    "5": 0.8486363829201278,
    "6": 0.9784138713763144,
    "7": 1.1165082427404518,
    "8": 1.0414610187177615,
    "9": 1.2531368420226645
  },
  "r_estimated_simple": 0.09460013470561351,
  "r_estimated_twoscale": 0.06692402311178912,
  "selected_k": 1,
  "selected_method": "r_based",
  "stability_threshold": 0.9
}