{
  "bandwidth_stability_k": 8,
  "eigengap_k": 3,
  "oracle_k": 2,
  "oracle_subspace_distance_by_k": {
    "1": 0.4859100310313029,
    "10": 1.2169263355108833,
    "11": 1.4261863007657773,
    "12": 1.4279937462591696,
    "13": 1.5222710257644492,
    "14": 1.6146836531168633,
    "2": 0.305730348449398,
    "3": 0.3711576320511904,
    "4": 0.5746662791403736,
    "5": 0.6932720635779319,
    "6": 1.1823596009278141,
    "7": 0.8368846900891599,
    "8": 0.9068015152753345,
    "9": 1.3468569705086435
  },
  "selected_k": 8,
  "selected_method": "bandwidth_stability",
  "stability_threshold": 0.9
}