{
  "bandwidth_stability_scores": {
    "1": 0.9996939878097015,
    "10": 0.7720681245410612,
    "11": 0.7674131955967255,
    "12": 0.738981756128665,
    "13": 0.7299623147520509,
    "14": 0.7646316356774678,
    "2": 0.9996196769832479,
    "3": 0.9998042726203578,
    "4": 0.9994635445449236,
    "5": 0.9986109693544876,
    "6": 0.9982795990118012,
    "7": 0.998856454120278,
    "8": 0.9986320313070103,
    "9": 0.892371279633792
  },
  "continuity": 0.3268888888888889,
  "geodesic_consistency": 0.5817306392237179,
  "k_bandwidth_stability": 8,
  "k_eigengap": 3,
  "k_oracle": 2,
  "known_noise_r": 0.14,
  "metadata": {
    "epsilon": 1.0,
    "epsilon_grid": [
      0.6,
      0.8,
      1.0,
      1.3,
      1.7,
      2.2
    ],
    "manifold": "sphere",
    "method": "bandwidth_stability",
    "n_samples": 450,
    "seed": 7
  },
  "metrics_by_cutoff": {
    "bandwidth_stability": {
      "continuity": 0.3268888888888889,
      "geodesic_consistency": 0.5817306392237179,
      "trustworthiness": 0.855299322337297
    },
    "eigengap": {
      "continuity": 0.3268888888888889,
      "geodesic_consistency": 0.5817306392237179,
      "trustworthiness": 0.855299322337297
    },
    "oracle": {
      "continuity": 0.3268888888888889,
      "geodesic_consistency": 0.5817306392237179,
      "trustworthiness": 0.855299322337297
    }
  },
  "oracle_subspace_distance_by_k": {
    "1": 0.4859100310313029,
    "10": 1.2169263355108833,
    "11": 1.4261863007657773,
    "12": 1.4279937462591696,
    "13": 1.5222710257644492,
    "14": 1.6146836531168633,
    "2": 0.305730348449398,
    "3": 0.3711576320511904,
    "4": 0.5746662791403736,
    "5": 0.6932720635779319,
    "6": 1.1823596009278141,
    "7": 0.8368846900891599,
    "8": 0.9068015152753345,
    "9": 1.3468569705086435
  },
  "selected_k": 8,
  "trustworthiness": 0.855299322337297
}