{
  "bandwidth_stability_scores": {
    "1": 0.9999836442206053,
    "10": 0.7744211857551421,
    "11": 0.42226217858904724,
    "12": 0.21469474062653043,
    "2": 0.9999790446316372,
    "3": 0.9999164955026261,
    "4": 0.9999454672017503,
    "5": 0.9998470904382406,
    "6": 0.9998967165807555,
    "7": 0.9985728388520911,
    "8": 0.9245344746311716,
    "9": 0.6823002244836438
  },
  "continuity": 0.8793333333333334,
  "geodesic_consistency": 0.8006183016201343,
  "k_bandwidth_stability": 8,
  "k_eigengap": 2,
  "k_oracle": 1,
  "k_r_based": 12,
  "known_noise_r": 0.02,
  "metadata": {
    "epsilon": 1.0,
    "epsilon_grid": [
      0.5,
      0.8,
      1.0,
      1.4,
      2.0
    ],
    "manifold": "circle",
    "method": "r_based",
    "n_samples": 450,
    "seed": 33
  },
  "metrics_by_cutoff": {
    "bandwidth_stability": {
      "continuity": 0.8793333333333334,
      "geodesic_consistency": 0.8006183016201343,
      "trustworthiness": 0.9996716532412735
    },
    "eigengap": {
      "continuity": 0.8793333333333334,
      "geodesic_consistency": 0.8006183016201343,
      "trustworthiness": 0.9996716532412735
    },
    "oracle": {
      "continuity": 0.4088888888888889,
      "geodesic_consistency": 0.6682301465868002,
      "trustworthiness": 0.7661455056898094
    },
    "r_based": {
      "continuity": 0.8793333333333334,
      "geodesic_consistency": 0.8006183016201343,
      "trustworthiness": 0.9996716532412735
    }
  },
  "oracle_subspace_distance_by_k": {
    "1": 0.023122116322489974,
    "10": 0.2654634964681647,
    "11": 1.003836994576589,
    "12": 1.3992883789453987,
    "2": 0.03063542330072794,
    "3": 0.08721040911838336,
    "4": 0.07078264264279212,
    "5": 0.09729403409284643,
    "6": 0.12053874853142792,
    "7": 0.15391256542961823,
    "8": 0.1794054561958393,
    "9": 0.2181821766913238
  },
  "r_estimated_simple": 0.013652150631582104,
  "r_estimated_twoscale": 0.005634541756593386,
  "selected_k": 12,
  "trustworthiness": 0.9996716532412735
}