{
  "bandwidth_stability_k": 12,
  "eigengap_k": 3,
  "k_r_based": 6,
  "oracle_k": 3,
  "oracle_subspace_distance_by_k": {
    "1": 0.18127586208647675,
    "10": 0.5064496667413195,
    "11": 0.546539362822793,
    "12": 0.5577084758201081,
    "2": 0.2335105224267696,
    "3": 0.13622830281739168,
    "4": 0.23411831692709484,
    "5": 0.2819336071011414,
    "6": 0.29725517531616674,
    "7": 0.32140034178128296,
    "8": 0.34370422235096754,
    "9": 0.4249670301790672
  },
  "r_estimated_simple": 0.053623430165883404,
  "r_estimated_twoscale": 0.030655607441692125,
  "selected_k": 6,
  "selected_method": "r_based",
  "stability_threshold": 0.9
}