{
  "bandwidth_stability_scores": {
    "1": 0.9994098157450518,
    "10": 0.995004173693521,
    "11": 0.9932478247968066,
    "12": 0.9927460172104935,
    "2": 0.9993382837310951,
    "3": 0.9998759111055963,
    "4": 0.999274206548602,
    "5": 0.9992047818596208,
    "6": 0.9994619427450855,
    "7": 0.9991606370514128,
    "8": 0.9992162753667805,
    "9": 0.993912327028772
  },
  "continuity": 0.4388888888888889,
  "geodesic_consistency": 0.48625151012555046,
  "k_bandwidth_stability": 12,
  "k_eigengap": 3,
  "k_oracle": 3,
  "k_r_based": 6,
  "known_noise_r": 0.05,
  "metadata": {
    "epsilon": 1.0,
    "epsilon_grid": [
      0.5,
      0.8,
      1.0,
      1.4,
      2.0
    ],
    "manifold": "sphere",
    "method": "r_based",
    "n_samples": 450,
    "seed": 11
  },
  "metrics_by_cutoff": {
    "bandwidth_stability": {
      "continuity": 0.4388888888888889,
      "geodesic_consistency": 0.48625151012555046,
      "trustworthiness": 0.848628564122235
    },
    "eigengap": {
      "continuity": 0.4388888888888889,
      "geodesic_consistency": 0.48625151012555046,
      "trustworthiness": 0.848628564122235
    },
    "oracle": {
      "continuity": 0.4388888888888889,
      "geodesic_consistency": 0.48625151012555046,
      "trustworthiness": 0.848628564122235
    },
    "r_based": {
      "continuity": 0.4388888888888889,
      "geodesic_consistency": 0.48625151012555046,
      "trustworthiness": 0.848628564122235
    }
  },
  "oracle_subspace_distance_by_k": {
    "1": 0.18127586208647675,
    "10": 0.5064496667413195,
    "11": 0.546539362822793,
    "12": 0.5577084758201081,
    "2": 0.2335105224267696,
    "3": 0.13622830281739168,
    "4": 0.23411831692709484,
    "5": 0.2819336071011414,
    "6": 0.29725517531616674,
    "7": 0.32140034178128296,
    "8": 0.34370422235096754,
    "9": 0.4249670301790672
  },
  "r_estimated_simple": 0.053623430165883404,
  "r_estimated_twoscale": 0.030655607441692125,
  "selected_k": 6,
  "trustworthiness": 0.848628564122235
}