{
  "bandwidth_stability_k": 12,
  "eigengap_k": 3,
  "k_r_based": 10,
  "oracle_k": 1,
  "oracle_subspace_distance_by_k": {
    "1": 0.02993691194134287,
    "10": 0.20627238384652372,
    "11": 0.22816996545915577,
    "12": 0.22746445684511318,
    "2": 0.042401116784504346,
    "3": 0.05195999445005224,
    "4": 0.08964750265907442,
    "5": 0.10703206795004293,
    "6": 0.11309738676618372,
    "7": 0.11755853577174338,
    "8": 0.13043948356777613,
    "9": 0.18993460842585558
  },
  "r_estimated_simple": 0.04152858648465258,
  "r_estimated_twoscale": 0.01078723972905188,
  "selected_k": 10,
  "selected_method": "r_based",
  "stability_threshold": 0.9
}