{
  "bandwidth_stability_scores": {
    "1": 0.9997342769672932,
    "10": 0.9971448930602472,
    "11": 0.992744733915788,
    "12": 0.9955495543822188,
    "2": 0.9997327749455386,
    "3": 0.9997768826168656,
    "4": 0.9945753201378486,
    "5": 0.9927381261171238,
    "6": 0.9964767888665654,
    "7": 0.9987312272500475,
    "8": 0.9993199170500742,
    "9": 0.997638321789175
  },
  "continuity": 0.4353333333333334,
  "geodesic_consistency": 0.3613002732180164,
  "k_bandwidth_stability": 12,
  "k_eigengap": 3,
  "k_oracle": 1,
  "k_r_based": 10,
  "known_noise_r": 0.02,
  "metadata": {
    "epsilon": 1.0,
    "epsilon_grid": [
      0.5,
      0.8,
      1.0,
      1.4,
      2.0
    ],
    "manifold": "sphere",
    "method": "r_based",
    "n_samples": 450,
    "seed": 33
  },
  "metrics_by_cutoff": {
    "bandwidth_stability": {
      "continuity": 0.4353333333333334,
      "geodesic_consistency": 0.3613002732180164,
      "trustworthiness": 0.8563810254443166
    },
    "eigengap": {
      "continuity": 0.4353333333333334,
      "geodesic_consistency": 0.3613002732180164,
      "trustworthiness": 0.8563810254443166
    },
    "oracle": {
      "continuity": 0.13733333333333334,
      "geodesic_consistency": 0.025451348720975403,
      "trustworthiness": 0.7015864978902954
    },
    "r_based": {
      "continuity": 0.4353333333333334,
      "geodesic_consistency": 0.3613002732180164,
      "trustworthiness": 0.8563810254443166
    }
  },
  "oracle_subspace_distance_by_k": {
    "1": 0.02993691194134287,
    "10": 0.20627238384652372,
    "11": 0.22816996545915577,
    "12": 0.22746445684511318,
    "2": 0.042401116784504346,
    "3": 0.05195999445005224,
    "4": 0.08964750265907442,
    "5": 0.10703206795004293,
    "6": 0.11309738676618372,
    "7": 0.11755853577174338,
    "8": 0.13043948356777613,
    "9": 0.18993460842585558
  },
  "r_estimated_simple": 0.04152858648465258,
  "r_estimated_twoscale": 0.01078723972905188,
  "selected_k": 10,
  "trustworthiness": 0.8563810254443166
}