{
  "bandwidth_stability_k": 12,
  "eigengap_k": 3,
  "estimated_intrinsic_dim_clean": 2.246153893975276,
  "estimated_intrinsic_dim_noisy": 2.4443183526215235,
  "k_intrinsic_dim": 3,
  "oracle_k": 3,
  "oracle_subspace_distance_by_k": {
    "1": 0.06728978022712907,
    "10": 0.21025058792146678,
    "11": 0.23266818970902958,
    "12": 0.2246919246971669,
    "2": 0.10581334984690692,
    "3": 0.0547455796799979,
    "4": 0.09919086977067852,
    "5": 0.11516526615738941,
    "6": 0.12258213853748577,
    "7": 0.12774666416998837,
    "8": 0.13812318556144212,
    "9": 0.17278558292114338
  },
  "selected_k": 12,
  "selected_method": "bandwidth_stability",
  "stability_threshold": 0.9
}