{
  "bandwidth_stability_k": 6,
  "eigengap_k": 2,
  "k_r_based": 12,
  "oracle_k": 1,
  "oracle_subspace_distance_by_k": {
    "1": 0.056675048226124715,
    "10": 1.3996172185413105,
    "11": 1.6155173521600517,
    "12": 1.775197237945161,
    "2": 0.07687749244471688,
    "3": 0.1974480101011091,
    "4": 0.1770810734365094,
    "5": 0.24406354075373762,
    "6": 0.30059605930212585,
    "7": 0.3917652455990883,
    "8": 0.4459762377574284,
    "9": 1.0932691536136483
  },
  "r_estimated_simple": 0.024343661981728763,
  "r_estimated_twoscale": 0.012258047174079415,
  "selected_k": 12,
  "selected_method": "r_based",
  "stability_threshold": 0.9
}