{
  "bandwidth_stability_scores": {
    "1": 0.999933288536793,
    "10": 0.6671645639827309,
    "11": 0.3152991839525751,
    "12": 0.3274673287528087,
    "2": 0.9999280990389184,
    "3": 0.9998708456933114,
    "4": 0.9998977092520742,
    "5": 0.9997522760088906,
    "6": 0.9998021977223432,
    "7": 0.7600003544480762,
    "8": 0.7667248283241657,
    "9": 0.5525056335101142
  },
  "continuity": 0.7040000000000001,
  "geodesic_consistency": 0.7957980709205715,
  "k_bandwidth_stability": 6,
  "k_eigengap": 2,
  "k_oracle": 1,
  "k_r_based": 12,
  "known_noise_r": 0.05,
  "metadata": {
    "epsilon": 1.0,
    "epsilon_grid": [
      0.5,
      0.8,
      1.0,
      1.4,
      2.0
    ],
    "manifold": "circle",
    "method": "r_based",
    "n_samples": 450,
    "seed": 33
  },
  "metrics_by_cutoff": {
    "bandwidth_stability": {
      "continuity": 0.7040000000000001,
      "geodesic_consistency": 0.7957980709205715,
      "trustworthiness": 0.9970106124536504
    },
    "eigengap": {
      "continuity": 0.7040000000000001,
      "geodesic_consistency": 0.7957980709205715,
      "trustworthiness": 0.9970106124536504
    },
    "oracle": {
      "continuity": 0.30666666666666664,
      "geodesic_consistency": 0.66027893750646,
      "trustworthiness": 0.7526623193964966
    },
    "r_based": {
      "continuity": 0.7040000000000001,
      "geodesic_consistency": 0.7957980709205715,
      "trustworthiness": 0.9970106124536504
    }
  },
  "oracle_subspace_distance_by_k": {
    "1": 0.056675048226124715,
    "10": 1.3996172185413105,
    "11": 1.6155173521600517,
    "12": 1.775197237945161,
    "2": 0.07687749244471688,
    "3": 0.1974480101011091,
    "4": 0.1770810734365094,
    "5": 0.24406354075373762,
    "6": 0.30059605930212585,
    "7": 0.3917652455990883,
    "8": 0.4459762377574284,
    "9": 1.0932691536136483
  },
  "r_estimated_simple": 0.024343661981728763,
  "r_estimated_twoscale": 0.012258047174079415,
  "selected_k": 12,
  "trustworthiness": 0.9970106124536504
}