{
  "bandwidth_stability_scores": {
    "1": 0.2331120462169336,
    "10": 0.7218546353844136,
    "11": 0.5761955007996146,
    "12": 0.6930040066250424,
    "2": 0.6532114305582187,
    "3": 0.47391905591738137,
    "4": 0.3153238746760163,
    "5": 0.5942065043140368,
    "6": 0.7305675782591766,
    "7": 0.6309466350950332,
    "8": 0.4930163248331297,
    "9": 0.6381005382308267
  },
  "continuity": 0.5565000000000001,
  "estimated_intrinsic_dim_clean": 2.045823891943826,
  "estimated_intrinsic_dim_noisy": 2.0556496290686077,
  "geodesic_consistency": -0.014617004878478517,
  "k_bandwidth_stability": 1,
  "k_eigengap": 12,
  "k_intrinsic_dim": 3,
  "k_oracle": 1,
  "known_noise_r": 0.03,
  "metadata": {
    "epsilon": 1.0,
    "epsilon_grid": [
      0.5,
      1.0,
      2.0,
      3.0
    ],
    "manifold": "swiss_roll",
    "method": "bandwidth_stability",
    "n_samples": 400,
    "seed": 22
  },
  "metrics_by_cutoff": {
    "bandwidth_stability": {
      "continuity": 0.5565000000000001,
      "geodesic_consistency": -0.014617004878478517,
      "trustworthiness": 0.9481950585175553
    },
    "eigengap": {
      "continuity": 0.5507500000000001,
      "geodesic_consistency": -0.011804023824648605,
      "trustworthiness": 0.9491521456436931
    },
    "oracle": {
      "continuity": 0.5565000000000001,
      "geodesic_consistency": -0.014617004878478517,
      "trustworthiness": 0.9481950585175553
    }
  },
  "oracle_subspace_distance_by_k": {
    "1": 0.5348017670836562,
    "10": 0.5581619992965152,
    "11": 0.5649191421439708,
    "12": 0.5497792694836195,
    "2": 0.5401790060330336,
    "3": 0.5393513853750918,
    "4": 0.5395845924523613,
    "5": 0.5398800659341185,
    "6": 0.5456927959549804,
    "7": 0.5400501558002792,
    "8": 0.5448114426857973,
    "9": 0.5525034371056229
  },
  "selected_k": 1,
  "trustworthiness": 0.9481950585175553
}