{
  "bandwidth_stability_k": 1,
  "eigengap_k": 11,
  "oracle_k": 1,
  "oracle_subspace_distance_by_k": {
    "1": 0.056678511601058905,
    "10": 1.083039988387227,
    "11": 0.42788331923451,
    "12": 0.49604938091137135,
    "2": 0.9644666695986267,
    "3": 0.3950609067220213,
    "4": 1.0454344618952773,
    "5": 0.42735542361317785,
    "6": 1.0862922546322695,
    "7": 0.4653791428435946,
    "8": 1.0336780213614134,
    "9": 0.45549607202333703
  },
  "selected_k": 1,
  "selected_method": "bandwidth_stability",
  "stability_threshold": 0.9
}