{
  "bandwidth_stability_scores": {
    "1": 0.9386184785974696,
    "10": 0.4057435704256756,
    "11": 0.024292403415335728,
    "12": 0.025755169026659232,
    "2": 0.7641441871921189,
    "3": 0.8287765983490847,
    "4": 0.48728958724323235,
    "5": 0.520008532719359,
    "6": 0.3987554736595315,
    "7": 0.165266730407,
    "8": 0.10197689583381679,
    "9": 0.32735622159903127
  },
  "continuity": 0.6435,
  "geodesic_consistency": -0.02089107289403817,
  "k_bandwidth_stability": 1,
  "k_eigengap": 11,
  "k_oracle": 1,
  "known_noise_r": 0.08,
  "metadata": {
    "epsilon": 0.8,
    "epsilon_grid": [
      0.5,
      0.8,
      1.1
    ],
    "manifold": "swiss_roll",
    "method": "bandwidth_stability",
    "n_samples": 400,
    "seed": 202
  },
  "metrics_by_cutoff": {
    "bandwidth_stability": {
      "continuity": 0.6435,
      "geodesic_consistency": -0.02089107289403817,
      "trustworthiness": 0.9782067620286086
    },
    "eigengap": {
      "continuity": 0.64275,
      "geodesic_consistency": -0.013164966932863162,
      "trustworthiness": 0.9844889466840052
    },
    "oracle": {
      "continuity": 0.6435,
      "geodesic_consistency": -0.02089107289403817,
      "trustworthiness": 0.9782067620286086
    }
  },
  "oracle_subspace_distance_by_k": {
    "1": 0.056678511601058905,
    "10": 1.083039988387227,
    "11": 0.42788331923451,
    "12": 0.49604938091137135,
    "2": 0.9644666695986267,
    "3": 0.3950609067220213,
    "4": 1.0454344618952773,
    "5": 0.42735542361317785,
    "6": 1.0862922546322695,
    "7": 0.4653791428435946,
    "8": 1.0336780213614134,
    "9": 0.45549607202333703
  },
  "selected_k": 1,
  "trustworthiness": 0.9782067620286086
}