{
  "metadata": {
    "epsilon": 1.0,
    "epsilon_grid": [
      0.5,
      1.0,
      2.0,
      3.0
    ],
    "known_noise_r": 0.08,
    "manifold": "swiss_roll",
    "method": "bandwidth_stability",
    "n_samples": 400,
    "seed": 123
  },
  "stability": {
    "considered_max_k": 12,
    "epsilon_grid": [
      0.5,
      1.0,
      2.0,
      3.0
    ],
    "epsilon_pair_matrix": [
      [
        1.0,
        0.24191690181037906,
        9.86022144690998e-05,
        0.10167019045351537
      ],
      [
        0.24191690181037906,
        1.0,
        0.3205947456817383,
        0.08360205218379076
      ],
      [
        9.86022144690998e-05,
        0.3205947456817383,
        1.0,
        0.10697045026443092
      ],
      [
        0.10167019045351537,
        0.08360205218379076,
        0.10697045026443092,
        1.0
      ]
    ],
    "mode_scores": {
      "1": 0.3506663809066258,
      "10": 0.0004652032518719133,
      "11": 0.001324273703987447,
      "12": 0.013710584338802847,
      "2": 0.3232941841944943,
      "3": 0.6230580599307173,
      "4": 0.3310170121749018,
      "5": 0.3864871135768879,
      "6": 0.32937061159894615,
      "7": 0.00012239572385782066,
      "8": 0.007700048933642664,
      "9": 0.310712522691457
    },
    "pairwise_bandwidth_scores": [
      0.3506663809066258,
      0.3232941841944943,
      0.6230580599307173,
      0.3310170121749018,
      0.3864871135768879,
      0.32937061159894615,
      0.00012239572385782066,
      0.007700048933642664,
      0.310712522691457,
      0.0004652032518719133,
      0.001324273703987447,
      0.013710584338802847
    ],
    "selected_k": 1,
    "selection_rationale": "Choose largest k with average cross-bandwidth eigenvector stability above threshold.",
    "threshold": 0.9
  }
}