{
  "bandwidth_stability_scores": {
    "1": 0.3506663809066258,
    "10": 0.0004652032518719133,
    "11": 0.001324273703987447,
    "12": 0.013710584338802847,
    "2": 0.3232941841944943,
    "3": 0.6230580599307173,
    "4": 0.3310170121749018,
    "5": 0.3864871135768879,
    "6": 0.32937061159894615,
    "7": 0.00012239572385782066,
    "8": 0.007700048933642664,
    "9": 0.310712522691457
  },
  "continuity": 0.13725,
  "geodesic_consistency": 0.35573851761457487,
  "k_bandwidth_stability": 1,
  "k_eigengap": 1,
  "known_noise_r": 0.08,
  "metadata": {
    "epsilon": 1.0,
    "epsilon_grid": [
      0.5,
      1.0,
      2.0,
      3.0
    ],
    "manifold": "swiss_roll",
    "method": "bandwidth_stability",
    "n_samples": 400,
    "seed": 123
  },
  "selected_k": 1,
  "trustworthiness": 0.6451482444733421
}