{
  "bandwidth_stability_k": 8,
  "eigengap_k": 3,
  "k_r_based": 2,
  "oracle_k": 1,
  "oracle_subspace_distance_by_k": {
    "1": 0.23043445045848615,
    "10": 1.5120057407061698,
    "11": 1.4486743100968489,
    "12": 1.5935186273383861,
    "2": 0.32178294974217075,
    "3": 0.39996084134590537,
    "4": 0.5757316225938445,
    "5": 0.6858444677558552,
    "6": 1.0630692037290392,
    "7": 1.0313200985873592,
    "8": 0.9989098954552172,
    "9": 1.1583989864042383
  },
  "r_estimated_simple": 0.09432095939766938,
  "r_estimated_twoscale": 0.06985190616045558,
  "selected_k": 2,
  "selected_method": "r_based",
  "stability_threshold": 0.9
}