{
  "bandwidth_stability_scores": {
    "1": 0.986193186202398,
    "10": 0.6567496489527404,
    "11": 0.676380293656075,
    "12": 0.6808775244860013,
    "2": 0.9863079667994193,
    "3": 0.9995463568227994,
    "4": 0.998523451946217,
    "5": 0.9973667009927183,
    "6": 0.9963241718362572,
    "7": 0.9744548513282493,
    "8": 0.9743547840945541,
    "9": 0.839156238041655
  },
  "continuity": 0.3191111111111111,
  "geodesic_consistency": 0.46518885369339685,
  "k_bandwidth_stability": 8,
  "k_eigengap": 3,
  "k_oracle": 1,
  "k_r_based": 2,
  "known_noise_r": 0.16,
  "metadata": {
    "epsilon": 1.0,
    "epsilon_grid": [
      0.5,
      0.8,
      1.0,
      1.4,
      2.0
    ],
    "manifold": "sphere",
    "method": "r_based",
    "n_samples": 450,
    "seed": 22
  },
  "metrics_by_cutoff": {
    "bandwidth_stability": {
      "continuity": 0.3191111111111111,
      "geodesic_consistency": 0.46518885369339685,
      "trustworthiness": 0.8551013936836722
    },
    "eigengap": {
      "continuity": 0.3191111111111111,
      "geodesic_consistency": 0.46518885369339685,
      "trustworthiness": 0.8551013936836722
    },
    "oracle": {
      "continuity": 0.10755555555555557,
      "geodesic_consistency": 0.3078503560246507,
      "trustworthiness": 0.679062012530367
    },
    "r_based": {
      "continuity": 0.3191111111111111,
      "geodesic_consistency": 0.46518885369339685,
      "trustworthiness": 0.8551013936836722
    }
  },
  "oracle_subspace_distance_by_k": {
    "1": 0.23043445045848615,
    "10": 1.5120057407061698,
    "11": 1.4486743100968489,
    "12": 1.5935186273383861,
    "2": 0.32178294974217075,
    "3": 0.39996084134590537,
    "4": 0.5757316225938445,
    "5": 0.6858444677558552,
    "6": 1.0630692037290392,
    "7": 1.0313200985873592,
    "8": 0.9989098954552172,
    "9": 1.1583989864042383
  },
  "r_estimated_simple": 0.09432095939766938,
  "r_estimated_twoscale": 0.06985190616045558,
  "selected_k": 2,
  "trustworthiness": 0.8551013936836722
}