{
  "bandwidth_stability_scores": {
    "1": 0.9985457578543502,
    "10": 0.9661034215538271,
    "11": 0.8413487022821715,
    "12": 0.8014827129143894,
    "2": 0.9984776091464229,
    "3": 0.9998150376156181,
    "4": 0.9989374721638385,
    "5": 0.9987922874810404,
    "6": 0.9985145935545894,
    "7": 0.9976092773247296,
    "8": 0.9983915474179941,
    "9": 0.9351971583354208
  },
  "continuity": 0.4075555555555555,
  "geodesic_consistency": 0.4758345850548692,
  "k_bandwidth_stability": 10,
  "k_eigengap": 3,
  "k_oracle": 3,
  "k_r_based": 4,
  "known_noise_r": 0.08,
  "metadata": {
    "epsilon": 1.0,
    "epsilon_grid": [
      0.5,
      0.8,
      1.0,
      1.4,
      2.0
    ],
    "manifold": "sphere",
    "method": "r_based",
    "n_samples": 450,
    "seed": 11
  },
  "metrics_by_cutoff": {
    "bandwidth_stability": {
      "continuity": 0.4075555555555555,
      "geodesic_consistency": 0.4758345850548692,
      "trustworthiness": 0.849419767293185
    },
    "eigengap": {
      "continuity": 0.4075555555555555,
      "geodesic_consistency": 0.4758345850548692,
      "trustworthiness": 0.849419767293185
    },
    "oracle": {
      "continuity": 0.4075555555555555,
      "geodesic_consistency": 0.4758345850548692,
      "trustworthiness": 0.849419767293185
    },
    "r_based": {
      "continuity": 0.4075555555555555,
      "geodesic_consistency": 0.4758345850548692,
      "trustworthiness": 0.849419767293185
    }
  },
  "oracle_subspace_distance_by_k": {
    "1": 0.2929511290114272,
    "10": 0.781295395423139,
    "11": 0.8340490241272343,
    "12": 0.8831425009274226,
    "2": 0.3297316438591932,
    "3": 0.21670799232528068,
    "4": 0.35992429072991394,
    "5": 0.4407182189704887,
    "6": 0.4855144746865289,
    "7": 0.5203502799214988,
    "8": 0.5448808470911026,
    "9": 0.6729848889755821
  },
  "r_estimated_simple": 0.066841349418681,
  "r_estimated_twoscale": 0.0432697900968469,
  "selected_k": 4,
  "trustworthiness": 0.849419767293185
}