{
  "metadata": {
    "epsilon": 1.0,
    "epsilon_grid": [
      0.5,
      1.0,
      2.0,
      3.0
    ],
    "known_noise_r": 0.03,
    "manifold": "swiss_roll",
    "method": "bandwidth_stability",
    "n_samples": 400,
    "seed": 33
  },
  "stability": {
    "considered_max_k": 12,
    "epsilon_grid": [
      0.5,
      1.0,
      2.0,
      3.0
    ],
    "epsilon_pair_matrix": [
      [
        1.0,
        0.0016050446834134067,
        0.025575138396796693,
        0.08707179966711069
      ],
      [
        0.0016050446834134067,
        1.0,
        0.35539391864862974,
        0.06382327556318405
      ],
      [
        0.025575138396796693,
        0.35539391864862974,
        1.0,
        0.13237471308320503
      ],
      [
        0.08707179966711069,
        0.06382327556318405,
        0.13237471308320503,
        1.0
      ]
    ],
    "mode_scores": {
      "1": 0.17096062043038193,
      "10": 0.05203457862643041,
      "11": 0.10303036031716319,
      "12": 0.01941779474991231,
      "2": 0.22730606242935683,
      "3": 0.16647817351188038,
      "4": 0.09506812367391804,
      "5": 0.1459431174275709,
      "6": 0.0023210998580591963,
      "7": 0.16288398644118693,
      "8": 0.026542531441899553,
      "9": 0.15970133117691956
    },
    "pairwise_bandwidth_scores": [
      0.17096062043038193,
      0.22730606242935683,
      0.16647817351188038,
      0.09506812367391804,
      0.1459431174275709,
      0.0023210998580591963,
      0.16288398644118693,
      0.026542531441899553,
      0.15970133117691956,
      0.05203457862643041,
      0.10303036031716319,
      0.01941779474991231
    ],
    "selected_k": 1,
    "selection_rationale": "Choose largest k with average cross-bandwidth eigenvector stability above threshold.",
    "threshold": 0.9
  }
}