{
  "bandwidth_stability_scores": {
    "1": 0.17096062043038193,
    "10": 0.05203457862643041,
    "11": 0.10303036031716319,
    "12": 0.01941779474991231,
    "2": 0.22730606242935683,
    "3": 0.16647817351188038,
    "4": 0.09506812367391804,
    "5": 0.1459431174275709,
    "6": 0.0023210998580591963,
    "7": 0.16288398644118693,
    "8": 0.026542531441899553,
    "9": 0.15970133117691956
  },
  "continuity": 0.095,
  "geodesic_consistency": -1.9718410217026818,
  "k_bandwidth_stability": 1,
  "k_eigengap": 2,
  "known_noise_r": 0.03,
  "metadata": {
    "epsilon": 1.0,
    "epsilon_grid": [
      0.5,
      1.0,
      2.0,
      3.0
    ],
    "manifold": "swiss_roll",
    "method": "bandwidth_stability",
    "n_samples": 400,
    "seed": 33
  },
  "selected_k": 1,
  "trustworthiness": 0.6065975292587776
}