{
  "metadata": {
    "epsilon": 1.0,
    "epsilon_grid": [
      0.5,
      1.0,
      2.0,
      3.0
    ],
    "known_noise_r": 0.16,
    "manifold": "swiss_roll",
    "method": "bandwidth_stability",
    "n_samples": 400,
    "seed": 11
  },
  "stability": {
    "considered_max_k": 12,
    "epsilon_grid": [
      0.5,
      1.0,
      2.0,
      3.0
    ],
    "epsilon_pair_matrix": [
      [
        1.0,
        3.974211565640132e-07,
        0.07454718018228457,
        0.06085317578720861
      ],
      [
        3.974211565640132e-07,
        1.0,
        0.2342908986349823,
        0.1649454187342914
      ],
      [
        0.07454718018228457,
        0.2342908986349823,
        1.0,
        0.09453275170222226
      ],
      [
        0.06085317578720861,
        0.1649454187342914,
        0.09453275170222226,
        1.0
      ]
    ],
    "mode_scores": {
      "1": 0.15967848955649458,
      "10": 0.02605057829496495,
      "11": 0.009030419573087893,
      "12": 0.03169999256812503,
      "2": 0.15888744246059114,
      "3": 0.12457517574409978,
      "4": 0.14424543746398796,
      "5": 0.23282872044831715,
      "6": 0.17931991204933276,
      "7": 0.13181836475566674,
      "8": 0.0007432353739989795,
      "9": 0.059461876635624356
    },
    "pairwise_bandwidth_scores": [
      0.15967848955649458,
      0.15888744246059114,
      0.12457517574409978,
      0.14424543746398796,
      0.23282872044831715,
      0.17931991204933276,
      0.13181836475566674,
      0.0007432353739989795,
      0.059461876635624356,
      0.02605057829496495,
      0.009030419573087893,
      0.03169999256812503
    ],
    "selected_k": 1,
    "selection_rationale": "Choose largest k with average cross-bandwidth eigenvector stability above threshold.",
    "threshold": 0.9
  }
}