{
  "bandwidth_stability_scores": {
    "1": 0.15967848955649458,
    "10": 0.02605057829496495,
    "11": 0.009030419573087893,
    "12": 0.03169999256812503,
    "2": 0.15888744246059114,
    "3": 0.12457517574409978,
    "4": 0.14424543746398796,
    "5": 0.23282872044831715,
    "6": 0.17931991204933276,
    "7": 0.13181836475566674,
    "8": 0.0007432353739989795,
    "9": 0.059461876635624356
  },
  "continuity": 0.13925,
  "geodesic_consistency": -1.9664884350486034,
  "k_bandwidth_stability": 1,
  "k_eigengap": 1,
  "known_noise_r": 0.16,
  "metadata": {
    "epsilon": 1.0,
    "epsilon_grid": [
      0.5,
      1.0,
      2.0,
      3.0
    ],
    "manifold": "swiss_roll",
    "method": "bandwidth_stability",
    "n_samples": 400,
    "seed": 11
  },
  "selected_k": 1,
  "trustworthiness": 0.6493159947984395
}