{
  "bandwidth_stability_scores": {
    "1": 0.9994645239089094,
    "10": 0.7832803637657604,
    "11": 0.5775521764230283,
    "12": 0.7351045313131561,
    "13": 0.7022254424810856,
    "14": 0.673787329451037,
    "2": 0.9994439221313076,
    "3": 0.9997190915551724,
    "4": 0.997984765440437,
    "5": 0.9980984398968242,
    "6": 0.9970924235363083,
    "7": 0.9985958664900021,
    "8": 0.9976751682080607,
    "9": 0.9162855040781832
  },
  "continuity": 0.32222222222222224,
  "geodesic_consistency": 0.6986960741681968,
  "k_bandwidth_stability": 9,
  "k_eigengap": 3,
  "k_oracle": 1,
  "known_noise_r": 0.14,
  "metadata": {
    "epsilon": 1.0,
    "epsilon_grid": [
      0.6,
      0.8,
      1.0,
      1.3,
      1.7,
      2.2
    ],
    "manifold": "sphere",
    "method": "bandwidth_stability",
    "n_samples": 450,
    "seed": 8
  },
  "metrics_by_cutoff": {
    "bandwidth_stability": {
      "continuity": 0.32222222222222224,
      "geodesic_consistency": 0.6986960741681968,
      "trustworthiness": 0.8489610024293568
    },
    "eigengap": {
      "continuity": 0.32222222222222224,
      "geodesic_consistency": 0.6986960741681968,
      "trustworthiness": 0.8489610024293568
    },
    "oracle": {
      "continuity": 0.10333333333333335,
      "geodesic_consistency": 0.5985749604749988,
      "trustworthiness": 0.680487917146145
    }
  },
  "oracle_subspace_distance_by_k": {
    "1": 0.20071343128246794,
    "10": 1.4625708390121417,
    "11": 1.4064854082555227,
    "12": 1.5041951469730594,
    "13": 1.7238275662616975,
    "14": 1.7055059570237163,
    "2": 0.31837934948796515,
    "3": 0.36562133698924304,
    "4": 0.6848894384979175,
    "5": 0.753906990307516,
    "6": 0.85369998986018,
    "7": 0.9732643687200836,
    "8": 0.9157169410596532,
    "9": 1.0956405500190074
  },
  "selected_k": 9,
  "trustworthiness": 0.8489610024293568
}