{
  "bandwidth_stability_k": 12,
  "eigengap_k": 3,
  "k_r_based": 9,
  "oracle_k": 3,
  "oracle_subspace_distance_by_k": {
    "1": 0.06728978022712907,
    "10": 0.21025058792146678,
    "11": 0.23266818970902958,
    "12": 0.2246919246971669,
    "2": 0.10581334984690692,
    "3": 0.0547455796799979,
    "4": 0.09919086977067852,
    "5": 0.11516526615738941,
    "6": 0.12258213853748577,
    "7": 0.12774666416998837,
    "8": 0.13812318556144212,
    "9": 0.17278558292114338
  },
  "r_estimated_simple": 0.042574628407591145,
  "r_estimated_twoscale": 0.01382809807933179,
  "selected_k": 9,
  "selected_method": "r_based",
  "stability_threshold": 0.9
}