{
  "bandwidth_stability_scores": {
    "1": 0.9995403985521815,
    "10": 0.8744411291830094,
    "11": 0.8731410202679625,
    "12": 0.9985216056015844,
    "2": 0.9995204638780966,
    "3": 0.9998521474830704,
    "4": 0.9996896911846349,
    "5": 0.999266349511369,
    "6": 0.9984425423119596,
    "7": 0.9980899021630052,
    "8": 0.9976651751956094,
    "9": 0.9976765144200971
  },
  "continuity": 0.4475555555555555,
  "geodesic_consistency": 0.4717315992597024,
  "k_bandwidth_stability": 12,
  "k_eigengap": 3,
  "k_oracle": 1,
  "k_r_based": 10,
  "known_noise_r": 0.02,
  "metadata": {
    "epsilon": 1.0,
    "epsilon_grid": [
      0.5,
      0.8,
      1.0,
      1.4,
      2.0
    ],
    "manifold": "sphere",
    "method": "r_based",
    "n_samples": 450,
    "seed": 22
  },
  "metrics_by_cutoff": {
    "bandwidth_stability": {
      "continuity": 0.4475555555555555,
      "geodesic_consistency": 0.4717315992597024,
      "trustworthiness": 0.8622559774964837
    },
    "eigengap": {
      "continuity": 0.4475555555555555,
      "geodesic_consistency": 0.4717315992597024,
      "trustworthiness": 0.8622559774964837
    },
    "oracle": {
      "continuity": 0.11955555555555555,
      "geodesic_consistency": 0.3062140596117074,
      "trustworthiness": 0.6830512722158292
    },
    "r_based": {
      "continuity": 0.4475555555555555,
      "geodesic_consistency": 0.4717315992597024,
      "trustworthiness": 0.8622559774964837
    }
  },
  "oracle_subspace_distance_by_k": {
    "1": 0.028704771328713425,
    "10": 0.5739549833269804,
    "11": 0.22041211953799048,
    "12": 0.20657328152181625,
    "2": 0.04081755499886673,
    "3": 0.050848870053354055,
    "4": 0.08305896072291541,
    "5": 0.09220767318486704,
    "6": 0.22409220484662631,
    "7": 0.1198346172891713,
    "8": 0.1308977836352446,
    "9": 0.15506818490347102
  },
  "r_estimated_simple": 0.04075066396697999,
  "r_estimated_twoscale": 0.01314513161016122,
  "selected_k": 10,
  "trustworthiness": 0.8622559774964837
}