{
  "bandwidth_stability_k": 4,
  "eigengap_k": 2,
  "k_r_based": 1,
  "oracle_k": 2,
  "oracle_subspace_distance_by_k": {
    "1": 0.4797569634483345,
    "10": 2.152596659519966,
    "11": 2.293616254105485,
    "12": 2.39361820114709,
    "2": 0.2482083041257697,
    "3": 0.6124985951105196,
    "4": 0.5598867364609325,
    "5": 0.8096035405686298,
    "6": 0.9235246424019754,
    "7": 1.3514603908801837,
    "8": 1.668938528655596,
    "9": 1.9336596697378274
  },
  "r_estimated_simple": 0.0529471909750968,
  "r_estimated_twoscale": 0.03352319973839985,
  "selected_k": 1,
  "selected_method": "r_based",
  "stability_threshold": 0.9
}