{
  "bandwidth_stability_k": 7,
  "eigengap_k": 4,
  "oracle_k": 2,
  "oracle_subspace_distance_by_k": {
    "1": 0.21325441818065763,
    "10": 0.8983758820293057,
    "11": 1.0119001413557462,
    "12": 1.334970495072652,
    "2": 0.13976745855187364,
    "3": 0.2880261689766584,
    "4": 0.2811926407755635,
    "5": 0.3653932008877799,
    "6": 0.4249144198509612,
    "7": 0.5115120309190947,
    "8": 0.628765702670197,
    "9": 1.1562688512740809
  },
  "selected_k": 7,
  "selected_method": "bandwidth_stability",
  "stability_threshold": 0.9
}