{
  "bandwidth_stability_scores": {
    "1": 0.9988666871981411,
    "10": 0.7510594699318699,
    "11": 0.8624688091590491,
    "12": 0.6951019522941928,
    "2": 0.9986101530463865,
    "3": 0.9985374270998557,
    "4": 0.999044512436837,
    "5": 0.9985127325571216,
    "6": 0.9981438776772361,
    "7": 0.9959602950094673,
    "8": 0.8793646636394121,
    "9": 0.7594689406087093
  },
  "continuity": 0.3055555555555556,
  "geodesic_consistency": 0.8003636686443526,
  "k_bandwidth_stability": 7,
  "k_eigengap": 4,
  "k_oracle": 2,
  "known_noise_r": 0.16,
  "metadata": {
    "epsilon": 1.0,
    "epsilon_grid": [
      0.5,
      0.8,
      1.0,
      1.4,
      2.0
    ],
    "manifold": "torus",
    "method": "bandwidth_stability",
    "n_samples": 450,
    "seed": 33
  },
  "metrics_by_cutoff": {
    "bandwidth_stability": {
      "continuity": 0.3055555555555556,
      "geodesic_consistency": 0.8003636686443526,
      "trustworthiness": 0.9626431402633935
    },
    "eigengap": {
      "continuity": 0.3055555555555556,
      "geodesic_consistency": 0.8003636686443526,
      "trustworthiness": 0.9626431402633935
    },
    "oracle": {
      "continuity": 0.3055555555555556,
      "geodesic_consistency": 0.8003636686443526,
      "trustworthiness": 0.9626431402633935
    }
  },
  "oracle_subspace_distance_by_k": {
    "1": 0.21325441818065763,
    "10": 0.8983758820293057,
    "11": 1.0119001413557462,
    "12": 1.334970495072652,
    "2": 0.13976745855187364,
    "3": 0.2880261689766584,
    "4": 0.2811926407755635,
    "5": 0.3653932008877799,
    "6": 0.4249144198509612,
    "7": 0.5115120309190947,
    "8": 0.628765702670197,
    "9": 1.1562688512740809
  },
  "selected_k": 7,
  "trustworthiness": 0.9626431402633935
}