{
  "metadata": {
    "epsilon": 1.0,
    "epsilon_grid": [
      0.5,
      1.0,
      2.0,
      3.0
    ],
    "known_noise_r": 0.16,
    "manifold": "swiss_roll",
    "method": "bandwidth_stability",
    "n_samples": 400,
    "seed": 33
  },
  "stability": {
    "considered_max_k": 12,
    "epsilon_grid": [
      0.5,
      1.0,
      2.0,
      3.0
    ],
    "epsilon_pair_matrix": [
      [
        1.0,
        0.087993875050139,
        0.00024205530734434268,
        0.05090769137060377
      ],
      [
        0.087993875050139,
        1.0,
        0.23207300394835753,
        0.12019732287894706
      ],
      [
        0.00024205530734434268,
        0.23207300394835753,
        1.0,
        0.0878956645510834
      ],
      [
        0.05090769137060377,
        0.12019732287894706,
        0.0878956645510834,
        1.0
      ]
    ],
    "mode_scores": {
      "1": 0.16064381391006466,
      "10": 0.0001678973408996687,
      "11": 0.17321056261400924,
      "12": 0.0026353422463290463,
      "2": 0.053090301228878554,
      "3": 0.1779822184459381,
      "4": 0.025057732134589075,
      "5": 0.15331890313761173,
      "6": 0.009818533793435247,
      "7": 0.1677377649398046,
      "8": 0.17322991015662062,
      "9": 0.06172624626476978
    },
    "pairwise_bandwidth_scores": [
      0.16064381391006466,
      0.053090301228878554,
      0.1779822184459381,
      0.025057732134589075,
      0.15331890313761173,
      0.009818533793435247,
      0.1677377649398046,
      0.17322991015662062,
      0.06172624626476978,
      0.0001678973408996687,
      0.17321056261400924,
      0.0026353422463290463
    ],
    "selected_k": 1,
    "selection_rationale": "Choose largest k with average cross-bandwidth eigenvector stability above threshold.",
    "threshold": 0.9
  }
}