{
  "bandwidth_stability_scores": {
    "1": 0.16064381391006466,
    "10": 0.0001678973408996687,
    "11": 0.17321056261400924,
    "12": 0.0026353422463290463,
    "2": 0.053090301228878554,
    "3": 0.1779822184459381,
    "4": 0.025057732134589075,
    "5": 0.15331890313761173,
    "6": 0.009818533793435247,
    "7": 0.1677377649398046,
    "8": 0.17322991015662062,
    "9": 0.06172624626476978
  },
  "continuity": 0.10875000000000001,
  "geodesic_consistency": -1.9718682204036684,
  "k_bandwidth_stability": 1,
  "k_eigengap": 2,
  "known_noise_r": 0.16,
  "metadata": {
    "epsilon": 1.0,
    "epsilon_grid": [
      0.5,
      1.0,
      2.0,
      3.0
    ],
    "manifold": "swiss_roll",
    "method": "bandwidth_stability",
    "n_samples": 400,
    "seed": 33
  },
  "selected_k": 1,
  "trustworthiness": 0.6387464239271782
}