case,seed,run_dir,selected_k,k_eigengap,k_bandwidth_stability,trustworthiness,continuity,geodesic_consistency
low_noise,11,results/20260227_183932_synthetic_noise_sweep/runs/20260227_183932_synthetic_noise_sweep_low_noise_seed11,1,1,1,0.6543198959687906,0.12050000000000001,-1.957398682297749
low_noise,22,results/20260227_183932_synthetic_noise_sweep/runs/20260227_183935_synthetic_noise_sweep_low_noise_seed22,1,3,1,0.6699616384915474,0.15200000000000002,-1.9589674112697457
low_noise,33,results/20260227_183932_synthetic_noise_sweep/runs/20260227_183937_synthetic_noise_sweep_low_noise_seed33,1,2,1,0.6065975292587776,0.095,-1.9718410217026818
medium_noise,11,results/20260227_183932_synthetic_noise_sweep/runs/20260227_183939_synthetic_noise_sweep_medium_noise_seed11,1,2,1,0.7164830949284786,0.17225000000000001,-1.9673593220854522
medium_noise,22,results/20260227_183932_synthetic_noise_sweep/runs/20260227_183941_synthetic_noise_sweep_medium_noise_seed22,1,1,1,0.6732912873862158,0.153,-1.9588054107869457
medium_noise,33,results/20260227_183932_synthetic_noise_sweep/runs/20260227_183943_synthetic_noise_sweep_medium_noise_seed33,1,2,1,0.6060130039011704,0.0955,-1.9718729820123633
high_noise,11,results/20260227_183932_synthetic_noise_sweep/runs/20260227_183945_synthetic_noise_sweep_high_noise_seed11,1,1,1,0.6493159947984395,0.13925,-1.9664884350486034
high_noise,22,results/20260227_183932_synthetic_noise_sweep/runs/20260227_183947_synthetic_noise_sweep_high_noise_seed22,1,1,1,0.6709726918075423,0.14825,-1.958667297491337
high_noise,33,results/20260227_183932_synthetic_noise_sweep/runs/20260227_183949_synthetic_noise_sweep_high_noise_seed33,1,2,1,0.6387464239271782,0.10875000000000001,-1.9718682204036684
